version,code,name,introduced,cancelled,valid_or_future_export,focus_2025_2026,role_PLA88,offline_file,edison_url,sha256
542-0520/01,542-0520,Chemické procesy,2020/2021,,1,1,,archive/versions/version_542-0520_01.html,https://edison.sso.vsb.cz/cz.vsb.edison.edu.study.prepare.web/SubjectVersion.faces?version=542-0520%2F01&locale=cs,ff62950012277b14059b65c4316e0b6fd2acf44610454f2b52a568f555b1a3be
546-0320/01,546-0320,Kontaminanty životního prostředí,1999/2000,2008/2009,0,0,,archive/versions/version_546-0320_01.html,https://edison.sso.vsb.cz/cz.vsb.edison.edu.study.prepare.web/SubjectVersion.faces?version=546-0320%2F01&locale=cs,52a25f3fd7b69232dc7aa3cb5b52462843792cfe6e2a4cecb2391bd08b273938
546-0320/02,546-0320,Kontaminanty životního prostředí,1999/2000,2008/2009,0,0,,archive/versions/version_546-0320_02.html,https://edison.sso.vsb.cz/cz.vsb.edison.edu.study.prepare.web/SubjectVersion.faces?version=546-0320%2F02&locale=cs,bab715526d30894312bcc95dc2d146489e07a29782628d2e99e3a88033ba8887
546-0320/04,546-0320,Kontaminanty životního prostředí,2008/2009,2008/2009,0,0,,archive/versions/version_546-0320_04.html,https://edison.sso.vsb.cz/cz.vsb.edison.edu.study.prepare.web/SubjectVersion.faces?version=546-0320%2F04&locale=cs,9c5d7267a16428ad9f20326d90601dac045060ed93f611dcd21ceb7df4d09e05
546-0371/01,546-0371,Biochemie,2006/2007,2017/2018,0,0,,archive/versions/version_546-0371_01.html,https://edison.sso.vsb.cz/cz.vsb.edison.edu.study.prepare.web/SubjectVersion.faces?version=546-0371%2F01&locale=cs,9b5a75dfa0bc9e5effdf222ef0e6ca49ecaac2e9f291a7b031e256af7014c441
546-0371/02,546-0371,Biochemie,2015/2016,2019/2020,0,0,,archive/versions/version_546-0371_02.html,https://edison.sso.vsb.cz/cz.vsb.edison.edu.study.prepare.web/SubjectVersion.faces?version=546-0371%2F02&locale=cs,a7999725961e15981875c5e2defb6a3d1f5721a44b32da842064251de79d7333
546-0456/02,546-0456,Biotechnologie plastů,2006/2007,2014/2015,0,0,,archive/versions/version_546-0456_02.html,https://edison.sso.vsb.cz/cz.vsb.edison.edu.study.prepare.web/SubjectVersion.faces?version=546-0456%2F02&locale=cs,a34dbab405234ba7533ecb21d111255f7c8969ca92d1f0061844ed270c957565
546-0462/01,546-0462,Polutanty v ŽP,2006/2007,2014/2015,0,0,,archive/versions/version_546-0462_01.html,https://edison.sso.vsb.cz/cz.vsb.edison.edu.study.prepare.web/SubjectVersion.faces?version=546-0462%2F01&locale=cs,b8ef277ceae7a6b4de774db519316842ccbc9439762a893d57cc635238bb7187
546-0462/02,546-0462,Polutanty v ŽP,2015/2016,2019/2020,0,0,,archive/versions/version_546-0462_02.html,https://edison.sso.vsb.cz/cz.vsb.edison.edu.study.prepare.web/SubjectVersion.faces?version=546-0462%2F02&locale=cs,66c96013ec808445394c33c80bbcf5994680c3abb5c59318c4e5efb0bdd85c37
546-0462/03,546-0462,Polutanty v ŽP,2015/2016,2015/2016,0,0,,archive/versions/version_546-0462_03.html,https://edison.sso.vsb.cz/cz.vsb.edison.edu.study.prepare.web/SubjectVersion.faces?version=546-0462%2F03&locale=cs,b43dd503bf56d9a5a9f38fd9a42203bfd9ce5b47ab5aa3309383bb2631972dd6
615-0401/01,615-0401,Oborový seminář,2004/2005,2013/2014,0,0,,archive/versions/version_615-0401_01.html,https://edison.sso.vsb.cz/cz.vsb.edison.edu.study.prepare.web/SubjectVersion.faces?version=615-0401%2F01&locale=cs,201928c05f207c22939cce0c5c49fc0e016f45d52573b4a05b48b53a9bfd2948
615-0807/02,615-0807,Diplomové praktikum,2005/2006,2007/2008,0,0,,archive/versions/version_615-0807_02.html,https://edison.sso.vsb.cz/cz.vsb.edison.edu.study.prepare.web/SubjectVersion.faces?version=615-0807%2F02&locale=cs,fb879056b30f55935974b2ecd0e8568befa0735188d70439914612e49e32900b
615-0807/03,615-0807,Diplomové praktikum,2008/2009,2009/2010,0,0,,archive/versions/version_615-0807_03.html,https://edison.sso.vsb.cz/cz.vsb.edison.edu.study.prepare.web/SubjectVersion.faces?version=615-0807%2F03&locale=cs,e4cd77bb99e4891dea63ce4edf96c8c9135d7fb2e317cf7694c96ba4a374e1a4
615-0807/04,615-0807,Diplomové praktikum,2008/2009,2013/2014,0,0,,archive/versions/version_615-0807_04.html,https://edison.sso.vsb.cz/cz.vsb.edison.edu.study.prepare.web/SubjectVersion.faces?version=615-0807%2F04&locale=cs,fe9093e2738af74ca92d983e5d1bd85e6e0770df98c6d531e8d5c8f63952a805
615-0807/05,615-0807,Diplomové praktikum,2008/2009,2008/2009,0,0,,archive/versions/version_615-0807_05.html,https://edison.sso.vsb.cz/cz.vsb.edison.edu.study.prepare.web/SubjectVersion.faces?version=615-0807%2F05&locale=cs,e03ee0089260de763e84245a0cf6106a441af2e5c3a62e5815504f77152b7648
615-0810/01,615-0810,Předdiplomní praxe-seminář,2004/2005,2013/2014,0,0,,archive/versions/version_615-0810_01.html,https://edison.sso.vsb.cz/cz.vsb.edison.edu.study.prepare.web/SubjectVersion.faces?version=615-0810%2F01&locale=cs,d66c958728d09ce134c2da0ab8c28e07c5c09196167de2ec843fb9f054bced1d
615-0815/01,615-0815,Diplomové praktikum,2007/2008,2013/2014,0,0,,archive/versions/version_615-0815_01.html,https://edison.sso.vsb.cz/cz.vsb.edison.edu.study.prepare.web/SubjectVersion.faces?version=615-0815%2F01&locale=cs,20f1ed0e1b3ae42eb65311fc84f9af888eb36a723ac7ca587a7a98211b1ebfe2
617-1401/01,617-1401,Oborový seminář,2014/2015,2016/2017,0,0,,archive/versions/version_617-1401_01.html,https://edison.sso.vsb.cz/cz.vsb.edison.edu.study.prepare.web/SubjectVersion.faces?version=617-1401%2F01&locale=cs,43ddf05579890c13125ae566caa6c2f7cf206aef1ad1958dd53e4e15336309bc
617-1807/01,617-1807,Diplomové praktikum,2014/2015,2015/2016,0,0,,archive/versions/version_617-1807_01.html,https://edison.sso.vsb.cz/cz.vsb.edison.edu.study.prepare.web/SubjectVersion.faces?version=617-1807%2F01&locale=cs,a1df7b0244abd585b186317e2d7e99c0089130b6260817c36f78817c8339825d
617-1810/01,617-1810,Předdiplomní praxe-seminář,2014/2015,2016/2017,0,0,,archive/versions/version_617-1810_01.html,https://edison.sso.vsb.cz/cz.vsb.edison.edu.study.prepare.web/SubjectVersion.faces?version=617-1810%2F01&locale=cs,3b81f852c1c319c925c567c04aa35b50ec3f400aeae1c76e3c091032edd1d371
617-1815/01,617-1815,Diplomové praktikum,2014/2015,2016/2017,0,0,,archive/versions/version_617-1815_01.html,https://edison.sso.vsb.cz/cz.vsb.edison.edu.study.prepare.web/SubjectVersion.faces?version=617-1815%2F01&locale=cs,eb177cead58888ddfbfa2bdfb77ea1deebfeb12c53cbab75696dee392b57b72d
730-0004/01,730-0004,Biochemie,2004/2005,2009/2010,0,0,,archive/versions/version_730-0004_01.html,https://edison.sso.vsb.cz/cz.vsb.edison.edu.study.prepare.web/SubjectVersion.faces?version=730-0004%2F01&locale=cs,e3a6cd18117d6c708b0f59deac26631c8f27c94eef49c0b9f49350060db86147
730-0005/01,730-0005,Chemie,1998/1999,2005/2006,0,0,,archive/versions/version_730-0005_01.html,https://edison.sso.vsb.cz/cz.vsb.edison.edu.study.prepare.web/SubjectVersion.faces?version=730-0005%2F01&locale=cs,fcdb85f805272979c011b7c4d74817af0a3572667861791a6ada04aad6499371
730-0005/03,730-0005,Chemie,1999/2000,2009/2010,0,0,,archive/versions/version_730-0005_03.html,https://edison.sso.vsb.cz/cz.vsb.edison.edu.study.prepare.web/SubjectVersion.faces?version=730-0005%2F03&locale=cs,dac764c8a154b7358ec9205dbb97fa2d8ab01048ff1f4bc63da1f4db163ff48f
730-0014/01,730-0014,Analytická chemie odpadních materiálů,2004/2005,2009/2010,0,0,,archive/versions/version_730-0014_01.html,https://edison.sso.vsb.cz/cz.vsb.edison.edu.study.prepare.web/SubjectVersion.faces?version=730-0014%2F01&locale=cs,cb88771543bc17c70e8340661e0601d0881a8bb571b1debba825eebe3765cb70
730-0015/01,730-0015,Instrumentální metody analýzy,2004/2005,2009/2010,0,0,,archive/versions/version_730-0015_01.html,https://edison.sso.vsb.cz/cz.vsb.edison.edu.study.prepare.web/SubjectVersion.faces?version=730-0015%2F01&locale=cs,3883f842b9d480b477ee704f6aa962c9752cecb60d15f36ae72ffd107f49399c
730-0102/01,730-0102,Úvod do laboratorních cvičení z chemie,2007/2008,2009/2010,0,0,,archive/versions/version_730-0102_01.html,https://edison.sso.vsb.cz/cz.vsb.edison.edu.study.prepare.web/SubjectVersion.faces?version=730-0102%2F01&locale=cs,42e077e99910d59a85d64f3241253839cc984280e9fe50ae7fb481e3ea969631
730-0106/01,730-0106,Základní výpočty v chemii,2007/2008,2009/2010,0,0,,archive/versions/version_730-0106_01.html,https://edison.sso.vsb.cz/cz.vsb.edison.edu.study.prepare.web/SubjectVersion.faces?version=730-0106%2F01&locale=cs,728921bd1f0cfe8dd1fdc913353289e8c35887f249eea61c69e67f25b04cd39b
730-0120/01,730-0120,Chemie III - Organická a makromolekulární chemie,2007/2008,2009/2010,0,0,,archive/versions/version_730-0120_01.html,https://edison.sso.vsb.cz/cz.vsb.edison.edu.study.prepare.web/SubjectVersion.faces?version=730-0120%2F01&locale=cs,6f4e61cee21345dcc55dc7e947ff6f27eb0d50097f6937b8c4ddea0d2434c2bb
730-0121/01,730-0121,Laboratorní cvičení z organické chemie,2007/2008,2009/2010,0,0,,archive/versions/version_730-0121_01.html,https://edison.sso.vsb.cz/cz.vsb.edison.edu.study.prepare.web/SubjectVersion.faces?version=730-0121%2F01&locale=cs,1cdaea78817b3fdcab7c7d9b6af5ef1fa6d9f5de8c52ea990475e14880572f72
730-0125/01,730-0125,Systém managementu kvality v laboratořích,2007/2008,2009/2010,0,0,,archive/versions/version_730-0125_01.html,https://edison.sso.vsb.cz/cz.vsb.edison.edu.study.prepare.web/SubjectVersion.faces?version=730-0125%2F01&locale=cs,311b1cc50ece13a2c39bb27ac3e5900a7901416529b0d094304cfd792deb577e
730-0125/02,730-0125,Systém managementu kvality v laboratořích,2009/2010,2009/2010,0,0,,archive/versions/version_730-0125_02.html,https://edison.sso.vsb.cz/cz.vsb.edison.edu.study.prepare.web/SubjectVersion.faces?version=730-0125%2F02&locale=cs,9591560edcb2b0f6eb2ba00f794077c96b13399a9671298ef517d46c276ae1c1
730-0135/01,730-0135,Laboratorní cvičení k bakalářské práci I,2007/2008,2009/2010,0,0,,archive/versions/version_730-0135_01.html,https://edison.sso.vsb.cz/cz.vsb.edison.edu.study.prepare.web/SubjectVersion.faces?version=730-0135%2F01&locale=cs,f949ea07654b50924b588f8ecf6457c85fb682e213c21f720492ca04cdfbd05d
730-0136/01,730-0136,Laboratorní cvičení k bakalářské práci II,2007/2008,2009/2010,0,0,,archive/versions/version_730-0136_01.html,https://edison.sso.vsb.cz/cz.vsb.edison.edu.study.prepare.web/SubjectVersion.faces?version=730-0136%2F01&locale=cs,5f0c9dc1979365c40054d0e878a905a6af152afc0a547ccb5a547c68d75c1edc
730-0146/01,730-0146,Měření k diplomové práci I,2007/2008,2009/2010,0,0,,archive/versions/version_730-0146_01.html,https://edison.sso.vsb.cz/cz.vsb.edison.edu.study.prepare.web/SubjectVersion.faces?version=730-0146%2F01&locale=cs,0fd1bd4d74e46cfdad188e9f2c3940eb88b4811da66d3b405088aefd41b276cb
730-0153/01,730-0153,Měření k diplomové práci II,2007/2008,2009/2010,0,0,,archive/versions/version_730-0153_01.html,https://edison.sso.vsb.cz/cz.vsb.edison.edu.study.prepare.web/SubjectVersion.faces?version=730-0153%2F01&locale=cs,f64e8b6c96c62678f791ad876fa5f3201fdf0e171c746da5b9719d5362e17387
730-0154/01,730-0154,Měření k diplomové práci III,2007/2008,2009/2010,0,0,,archive/versions/version_730-0154_01.html,https://edison.sso.vsb.cz/cz.vsb.edison.edu.study.prepare.web/SubjectVersion.faces?version=730-0154%2F01&locale=cs,93943a6d6fd54b46a9fd42e76a473433ce6b777f29362078f2c7a057583eac3e
9350-3021/01,9350-3021,Heterogenní katalýza a fotokatalýza,2025/2026,,1,1,,archive/versions/version_9350-3021_01.html,https://edison.sso.vsb.cz/cz.vsb.edison.edu.study.prepare.web/SubjectVersion.faces?version=9350-3021%2F01&locale=cs,814c58a1be608b96c22e54c132d6ce8911b98436bf105922bc570a71c0634991
9350-3021/02,9350-3021,Heterogenní katalýza a fotokatalýza,2025/2026,,1,1,,archive/versions/version_9350-3021_02.html,https://edison.sso.vsb.cz/cz.vsb.edison.edu.study.prepare.web/SubjectVersion.faces?version=9350-3021%2F02&locale=cs,e732ea9de92f15dfd7d58b71be16a05f4620dd971f05c184386cbea1d72475ea
9360-0002/01,9360-0002,Polutanty životního prostředí,2013/2014,2023/2024,0,0,,archive/versions/version_9360-0002_01.html,https://edison.sso.vsb.cz/cz.vsb.edison.edu.study.prepare.web/SubjectVersion.faces?version=9360-0002%2F01&locale=cs,9c2be06ee61df579dbfb3957118fe5ac8d943ddfe4ef8cf9153e10754c056e86
9360-0002/02,9360-0002,Polutanty životního prostředí,2013/2014,2020/2021,0,0,,archive/versions/version_9360-0002_02.html,https://edison.sso.vsb.cz/cz.vsb.edison.edu.study.prepare.web/SubjectVersion.faces?version=9360-0002%2F02&locale=cs,b0304fbd3316ec0350c767c21e0d3840ec974022ddc1ea7a0c9eaf7ee3413b6e
9360-0003/01,9360-0003,Biotechnologie plastů,2012/2013,2019/2020,0,0,,archive/versions/version_9360-0003_01.html,https://edison.sso.vsb.cz/cz.vsb.edison.edu.study.prepare.web/SubjectVersion.faces?version=9360-0003%2F01&locale=cs,a73c0c179650566833215f668149440c56b3cadc05112fa55d501f92466fc12a
9360-0004/01,9360-0004,Biochemie,2010/2011,2019/2020,0,0,,archive/versions/version_9360-0004_01.html,https://edison.sso.vsb.cz/cz.vsb.edison.edu.study.prepare.web/SubjectVersion.faces?version=9360-0004%2F01&locale=cs,f99ec1f060ef6d133d88ba48fb18187cdbb335158f6587a001b18bd8e9a6515d
9360-0005/01,9360-0005,Chemie,2010/2011,2012/2013,0,0,,archive/versions/version_9360-0005_01.html,https://edison.sso.vsb.cz/cz.vsb.edison.edu.study.prepare.web/SubjectVersion.faces?version=9360-0005%2F01&locale=cs,268463ff851ccfe243f76da1ca8c9203f205bd69e480933ed869ba9ef5e7691f
9360-0005/02,9360-0005,Chemie,2011/2012,2020/2021,0,0,,archive/versions/version_9360-0005_02.html,https://edison.sso.vsb.cz/cz.vsb.edison.edu.study.prepare.web/SubjectVersion.faces?version=9360-0005%2F02&locale=cs,c8e3e7511e056d4ccaf6e93ede3fdc23c215974d92f48bda63b58aec3f712a6a
9360-0005/03,9360-0005,Chemie,2012/2013,2021/2022,0,0,,archive/versions/version_9360-0005_03.html,https://edison.sso.vsb.cz/cz.vsb.edison.edu.study.prepare.web/SubjectVersion.faces?version=9360-0005%2F03&locale=cs,1cbad1ad961399afbbc5490e8fd5753870a5fee24f6d3f6f9dfd7f7aad28e3da
9360-0014/01,9360-0014,Analytická chemie odpadních materiálů,2010/2011,2012/2013,0,0,,archive/versions/version_9360-0014_01.html,https://edison.sso.vsb.cz/cz.vsb.edison.edu.study.prepare.web/SubjectVersion.faces?version=9360-0014%2F01&locale=cs,e2695eb4bab510241d851c7f2fe056cd2d4162929931f955f2552b43f313c869
9360-0014/02,9360-0014,Analytická chemie odpadních materiálů,2012/2013,2015/2016,0,0,,archive/versions/version_9360-0014_02.html,https://edison.sso.vsb.cz/cz.vsb.edison.edu.study.prepare.web/SubjectVersion.faces?version=9360-0014%2F02&locale=cs,0bb0dc7ff5ebcda0a2e59f5f957405972417e797a924ff43c0d22c8dbc4ed926
9360-0015/01,9360-0015,Instrumentální metody analýzy,2010/2011,2015/2016,0,0,,archive/versions/version_9360-0015_01.html,https://edison.sso.vsb.cz/cz.vsb.edison.edu.study.prepare.web/SubjectVersion.faces?version=9360-0015%2F01&locale=cs,a2352d792bde3acacfd8efcc8bb9f048d452ab12a2dce8f8e22d0818f942b6f0
9360-0106/01,9360-0106,Základní výpočty v chemii,2010/2011,2019/2020,1,0,,archive/versions/version_9360-0106_01.html,https://edison.sso.vsb.cz/cz.vsb.edison.edu.study.prepare.web/SubjectVersion.faces?version=9360-0106%2F01&locale=cs,f5e97f3585052d73c372449045530b01cd140c3cb57e0a9a0aff7f63dc08e1c2
9360-0106/02,9360-0106,Základní výpočty v chemii,2019/2020,2025/2026,1,1,,archive/versions/version_9360-0106_02.html,https://edison.sso.vsb.cz/cz.vsb.edison.edu.study.prepare.web/SubjectVersion.faces?version=9360-0106%2F02&locale=cs,234601b5d626ac76a260aab79e7a683bcefd5dc306a8a5cc0f3d579ad1726db4
9360-0106/03,9360-0106,Základní výpočty v chemii,2010/2011,2019/2020,1,0,,archive/versions/version_9360-0106_03.html,https://edison.sso.vsb.cz/cz.vsb.edison.edu.study.prepare.web/SubjectVersion.faces?version=9360-0106%2F03&locale=cs,b2240b89c34f5a38732d76ecf2c828494d75e91c947e7275d9a702f307cc0405
9360-0106/04,9360-0106,Základní výpočty v chemii,2019/2020,2025/2026,1,1,,archive/versions/version_9360-0106_04.html,https://edison.sso.vsb.cz/cz.vsb.edison.edu.study.prepare.web/SubjectVersion.faces?version=9360-0106%2F04&locale=cs,846e189c6818b206fe3e476c20b49f0cdca0d710f1b7da135d6ae56d709c24f1
9360-0120/01,9360-0120,Organická a makromolekulární chemie,2010/2011,2012/2013,1,0,,archive/versions/version_9360-0120_01.html,https://edison.sso.vsb.cz/cz.vsb.edison.edu.study.prepare.web/SubjectVersion.faces?version=9360-0120%2F01&locale=cs,199590c4ba4ebb412be49558e3b478832f57850a9e848cc5757f9ca5a255d982
9360-0120/02,9360-0120,Organická a makromolekulární chemie,2012/2013,2025/2026,1,1,,archive/versions/version_9360-0120_02.html,https://edison.sso.vsb.cz/cz.vsb.edison.edu.study.prepare.web/SubjectVersion.faces?version=9360-0120%2F02&locale=cs,7755bbcd61a9fd90bb4d1f3b4022c3c3f5edf84e61180ec6a400ac3fb6031d68
9360-0120/03,9360-0120,Organická a makromolekulární chemie,2019/2020,2025/2026,1,1,,archive/versions/version_9360-0120_03.html,https://edison.sso.vsb.cz/cz.vsb.edison.edu.study.prepare.web/SubjectVersion.faces?version=9360-0120%2F03&locale=cs,827322a570481af92c3e07b0dc35e8715682ff7a57ecaaaa08b0ba974ef7d686
9360-0120/04,9360-0120,Organická a makromolekulární chemie,2012/2013,2025/2026,1,1,,archive/versions/version_9360-0120_04.html,https://edison.sso.vsb.cz/cz.vsb.edison.edu.study.prepare.web/SubjectVersion.faces?version=9360-0120%2F04&locale=cs,d5ab91651612170c9bf5f8a20ae1abae0420af6a79315dd25bb170bb0b7bce23
9360-0120/05,9360-0120,Organická a makromolekulární chemie,2019/2020,2025/2026,1,1,,archive/versions/version_9360-0120_05.html,https://edison.sso.vsb.cz/cz.vsb.edison.edu.study.prepare.web/SubjectVersion.faces?version=9360-0120%2F05&locale=cs,53afd9e5b726b59d1dd951602059f7b47036ca0dc2762a1b77a9f8d24d4714ea
9360-0125/01,9360-0125,Systém managementu kvality v laboratořích,2009/2010,2010/2011,1,0,,archive/versions/version_9360-0125_01.html,https://edison.sso.vsb.cz/cz.vsb.edison.edu.study.prepare.web/SubjectVersion.faces?version=9360-0125%2F01&locale=cs,58821324aca89854db9bf487d171147194a5e4d96b4b664e0c8d3e23ced0e970
9360-0125/02,9360-0125,Systém managementu kvality v laboratořích,2010/2011,2023/2024,1,0,,archive/versions/version_9360-0125_02.html,https://edison.sso.vsb.cz/cz.vsb.edison.edu.study.prepare.web/SubjectVersion.faces?version=9360-0125%2F02&locale=cs,2eaf5a5d9a8ec91e65ce657e871b364c3392cef058fd3ba61baee9e9721ebc20
9360-0125/03,9360-0125,Systém managementu kvality v laboratořích,2019/2020,2025/2026,1,1,,archive/versions/version_9360-0125_03.html,https://edison.sso.vsb.cz/cz.vsb.edison.edu.study.prepare.web/SubjectVersion.faces?version=9360-0125%2F03&locale=cs,4bc25ea58a62b5a38a4869b35f1c3ee07371e7c378c7a3c2ff0e65af7793c03a
9360-0125/04,9360-0125,Systém managementu kvality v laboratořích,2010/2011,2025/2026,1,1,,archive/versions/version_9360-0125_04.html,https://edison.sso.vsb.cz/cz.vsb.edison.edu.study.prepare.web/SubjectVersion.faces?version=9360-0125%2F04&locale=cs,8ceeba9e04bafedc55cf1992b2c64220ca7be08d1b7ddae8b46b771edf337a69
9360-0131/01,9360-0131,Experimentální metody a nástroje pro nanotechnologie I - chemické,2010/2011,2011/2012,0,0,,archive/versions/version_9360-0131_01.html,https://edison.sso.vsb.cz/cz.vsb.edison.edu.study.prepare.web/SubjectVersion.faces?version=9360-0131%2F01&locale=cs,6a7c75b4551d6fc2aae2bf6a2ce31d56f597aac39b0012acbf519db887a67a0c
9360-0131/02,9360-0131,Experimentální metody a nástroje pro nanotechnologie I - chemické,2012/2013,2020/2021,0,0,,archive/versions/version_9360-0131_02.html,https://edison.sso.vsb.cz/cz.vsb.edison.edu.study.prepare.web/SubjectVersion.faces?version=9360-0131%2F02&locale=cs,fb8b1bf5a8a1936abdc1a43451a12b1218218e2b18ccc1e809b34273a1dba19e
9360-0131/04,9360-0131,Experimentální metody a nástroje pro nanotechnologie I - chemické,2012/2013,2020/2021,0,0,,archive/versions/version_9360-0131_04.html,https://edison.sso.vsb.cz/cz.vsb.edison.edu.study.prepare.web/SubjectVersion.faces?version=9360-0131%2F04&locale=cs,210703f6ba360e44072426a4f690e7133c0aad62326cf3bd5e2b2b62d8c6d028
9360-0132/02,9360-0132,Laboratorní cvičení z experimentálních metod studia nanomateriálů I,2012/2013,2020/2021,0,0,,archive/versions/version_9360-0132_02.html,https://edison.sso.vsb.cz/cz.vsb.edison.edu.study.prepare.web/SubjectVersion.faces?version=9360-0132%2F02&locale=cs,5122bdaf8b010f97939e9563a7173bd39f7c40abca4f3b3f8e96d03312a2609a
9360-0132/04,9360-0132,Laboratorní cvičení z experimentálních metod studia nanomateriálů I,2019/2020,2020/2021,0,0,,archive/versions/version_9360-0132_04.html,https://edison.sso.vsb.cz/cz.vsb.edison.edu.study.prepare.web/SubjectVersion.faces?version=9360-0132%2F04&locale=cs,101cb2947b059894135dbc8f9de0a48bb153690f5c2a8bb743cbdf0d95daf499
9360-0135/01,9360-0135,Laboratorní cvičení k bakalářské práci I,2010/2011,2021/2022,0,0,,archive/versions/version_9360-0135_01.html,https://edison.sso.vsb.cz/cz.vsb.edison.edu.study.prepare.web/SubjectVersion.faces?version=9360-0135%2F01&locale=cs,a18b2eb927d53b6ad51596b262327f8e1a12daca40be4ca22b0ba796119d1281
9360-0135/02,9360-0135,Laboratorní cvičení k bakalářské práci I,2019/2020,2024/2025,0,0,,archive/versions/version_9360-0135_02.html,https://edison.sso.vsb.cz/cz.vsb.edison.edu.study.prepare.web/SubjectVersion.faces?version=9360-0135%2F02&locale=cs,db88c85054fb7bc1f76cc9ca9eb5277721db313f7faeefddd919cc0345b64d85
9360-0135/03,9360-0135,Laboratorní cvičení k bakalářské práci I,2010/2011,2020/2021,0,0,,archive/versions/version_9360-0135_03.html,https://edison.sso.vsb.cz/cz.vsb.edison.edu.study.prepare.web/SubjectVersion.faces?version=9360-0135%2F03&locale=cs,3a3b8f06d327e3ed0502f6f9f4a74a03442c3e27549c88516db6a9bb0d0ae832
9360-0136/01,9360-0136,Laboratorní cvičení k bakalářské práci II,2010/2011,2021/2022,0,0,,archive/versions/version_9360-0136_01.html,https://edison.sso.vsb.cz/cz.vsb.edison.edu.study.prepare.web/SubjectVersion.faces?version=9360-0136%2F01&locale=cs,9063dc14a008a409043548727dfd4a648e9fd16857db8112e2f63e900fd62000
9360-0136/02,9360-0136,Laboratorní cvičení k bakalářské práci II,2019/2020,2024/2025,0,0,,archive/versions/version_9360-0136_02.html,https://edison.sso.vsb.cz/cz.vsb.edison.edu.study.prepare.web/SubjectVersion.faces?version=9360-0136%2F02&locale=cs,f6f869c4d0f85e88e0a02306f6d9b2025eb66ff9ad57800874d1455180843fb0
9360-0136/03,9360-0136,Laboratorní cvičení k bakalářské práci II,2010/2011,2021/2022,0,0,,archive/versions/version_9360-0136_03.html,https://edison.sso.vsb.cz/cz.vsb.edison.edu.study.prepare.web/SubjectVersion.faces?version=9360-0136%2F03&locale=cs,8e9e1ee28d8fa20c934c28207b64fe0f922738b38243431d9affb8a258841dac
9360-0146/01,9360-0146,Měření k diplomové práci I,2010/2011,2012/2013,0,0,,archive/versions/version_9360-0146_01.html,https://edison.sso.vsb.cz/cz.vsb.edison.edu.study.prepare.web/SubjectVersion.faces?version=9360-0146%2F01&locale=cs,37528142231d114f18e52e459e9c31a2484cdbc6cb1a3fb9f37f9fcba07fc74c
9360-0146/02,9360-0146,Měření k diplomové práci I,2012/2013,2020/2021,0,0,,archive/versions/version_9360-0146_02.html,https://edison.sso.vsb.cz/cz.vsb.edison.edu.study.prepare.web/SubjectVersion.faces?version=9360-0146%2F02&locale=cs,e1320a9e3863f3e7858b7b6aae60d99cd4d7cea9da55b2f4acf0eeb48bb4c8dd
9360-0146/04,9360-0146,Měření k diplomové práci I,2019/2020,2024/2025,0,0,,archive/versions/version_9360-0146_04.html,https://edison.sso.vsb.cz/cz.vsb.edison.edu.study.prepare.web/SubjectVersion.faces?version=9360-0146%2F04&locale=cs,768a209c5450f7431de289943dd62ffba8789e275c0558d7e2cd45d5b6fb7bc2
9360-0146/06,9360-0146,Měření k diplomové práci I,2019/2020,2024/2025,0,0,,archive/versions/version_9360-0146_06.html,https://edison.sso.vsb.cz/cz.vsb.edison.edu.study.prepare.web/SubjectVersion.faces?version=9360-0146%2F06&locale=cs,327b27d56b8d138ddcac871229b9ea930be3651dfbe5a2830d18d08f8152a69e
9360-0153/01,9360-0153,Měření k diplomové práci II,2010/2011,2020/2021,0,0,,archive/versions/version_9360-0153_01.html,https://edison.sso.vsb.cz/cz.vsb.edison.edu.study.prepare.web/SubjectVersion.faces?version=9360-0153%2F01&locale=cs,1488431d694dd29cd9848d0c587f333877bce2477c65ebdec132e2ed6ae240fe
9360-0153/02,9360-0153,Měření k diplomové práci II,2014/2015,2020/2021,0,0,,archive/versions/version_9360-0153_02.html,https://edison.sso.vsb.cz/cz.vsb.edison.edu.study.prepare.web/SubjectVersion.faces?version=9360-0153%2F02&locale=cs,3712d518ac71fec7c7287e202959db3e77993a14f21c048a0508bd4c69189ce6
9360-0153/03,9360-0153,Měření k diplomové práci II,2019/2020,2024/2025,0,0,,archive/versions/version_9360-0153_03.html,https://edison.sso.vsb.cz/cz.vsb.edison.edu.study.prepare.web/SubjectVersion.faces?version=9360-0153%2F03&locale=cs,94059c2afdee916e31fcf20d04bc069beca4fa33b29e4dd6b0e4dfa7d5e67de8
9360-0153/04,9360-0153,Měření k diplomové práci II,2019/2020,2020/2021,0,0,,archive/versions/version_9360-0153_04.html,https://edison.sso.vsb.cz/cz.vsb.edison.edu.study.prepare.web/SubjectVersion.faces?version=9360-0153%2F04&locale=cs,486aeae710f9571ed3b40e7d0847f662d827a1b1cf8e8b6435ebf5946d3e9949
9360-0153/06,9360-0153,Měření k diplomové práci II,2019/2020,2021/2022,0,0,,archive/versions/version_9360-0153_06.html,https://edison.sso.vsb.cz/cz.vsb.edison.edu.study.prepare.web/SubjectVersion.faces?version=9360-0153%2F06&locale=cs,82e492643f9a2cf611e8e88f5035c80d76a731239fa68e78ded00e44a3a81f24
9360-0154/01,9360-0154,Měření k diplomové práci III,2010/2011,2020/2021,0,0,,archive/versions/version_9360-0154_01.html,https://edison.sso.vsb.cz/cz.vsb.edison.edu.study.prepare.web/SubjectVersion.faces?version=9360-0154%2F01&locale=cs,c28b852b27fa31f55fa61c3e86a0ea7dd7a69e39285b418b9a57066e3d0ead77
9360-0154/02,9360-0154,Měření k diplomové práci III,2010/2011,2020/2021,0,0,,archive/versions/version_9360-0154_02.html,https://edison.sso.vsb.cz/cz.vsb.edison.edu.study.prepare.web/SubjectVersion.faces?version=9360-0154%2F02&locale=cs,e8d76493f18a58bf837b85c8a11b9bd2511263dfe4ed5f6c5c207cebd32454cd
9360-0154/03,9360-0154,Měření k diplomové práci III,2019/2020,2024/2025,0,0,,archive/versions/version_9360-0154_03.html,https://edison.sso.vsb.cz/cz.vsb.edison.edu.study.prepare.web/SubjectVersion.faces?version=9360-0154%2F03&locale=cs,49b3c59e0a27d9f12f1f1772df07501e2a7b6a0ca3c4d4df0cc91b7426360e6d
9360-0182/01,9360-0182,Makromolekulární chemie,2019/2020,2025/2026,1,1,,archive/versions/version_9360-0182_01.html,https://edison.sso.vsb.cz/cz.vsb.edison.edu.study.prepare.web/SubjectVersion.faces?version=9360-0182%2F01&locale=cs,e9aa49269fa1958d719079129f3320613db2cad92c24361ddc6cf5f43ee26526
9360-0182/02,9360-0182,Makromolekulární chemie,2019/2020,2025/2026,1,1,,archive/versions/version_9360-0182_02.html,https://edison.sso.vsb.cz/cz.vsb.edison.edu.study.prepare.web/SubjectVersion.faces?version=9360-0182%2F02&locale=cs,e413a80e4dbc2e94f617c38b3723d32a8a12e58ee79e89bd02ccedb9b538e4ec
9360-0191/01,9360-0191,Vybrané kapitoly z chemie,2019/2020,2025/2026,1,1,,archive/versions/version_9360-0191_01.html,https://edison.sso.vsb.cz/cz.vsb.edison.edu.study.prepare.web/SubjectVersion.faces?version=9360-0191%2F01&locale=cs,f44a486fe5309162692f3682ba94e36dc30640ddb7b959a629c9b71d08dc1372
9360-0191/02,9360-0191,Vybrané kapitoly z chemie,2019/2020,2025/2026,1,1,,archive/versions/version_9360-0191_02.html,https://edison.sso.vsb.cz/cz.vsb.edison.edu.study.prepare.web/SubjectVersion.faces?version=9360-0191%2F02&locale=cs,37c77e37bd8863837f440b4e64cff12bcd2cf79c4e9995e9339d71ff15eecd56
9360-0205/01,9360-0205,Hybridní organo-anorganické nanostruktury,2012/2013,2025/2026,1,1,,archive/versions/version_9360-0205_01.html,https://edison.sso.vsb.cz/cz.vsb.edison.edu.study.prepare.web/SubjectVersion.faces?version=9360-0205%2F01&locale=cs,441d47b25478110b8f0bec2eaae34d35cc22831283fcdcd3ece7c1caec8550c1
9360-0207/01,9360-0207,Metody organické analýzy pro charakterizaci nanostrukturovaných materiálů,2012/2013,2025/2026,1,1,,archive/versions/version_9360-0207_01.html,https://edison.sso.vsb.cz/cz.vsb.edison.edu.study.prepare.web/SubjectVersion.faces?version=9360-0207%2F01&locale=cs,3d69ddf797a3bee70afa6ad58b839c0065e09a9af9487373f495bc44e65c01bc
9360-0207/02,9360-0207,Metody organické analýzy pro charakterizaci nanostrukturovaných materiálů,2012/2013,2025/2026,1,1,,archive/versions/version_9360-0207_02.html,https://edison.sso.vsb.cz/cz.vsb.edison.edu.study.prepare.web/SubjectVersion.faces?version=9360-0207%2F02&locale=cs,a5bb934229d8c391bf1ec88789af18185240cf003ba99c87929936862e64e6b6
9360-0227/01,9360-0227,Metody charakterizace nanostruktur,2020/2021,2024/2025,0,0,,archive/versions/version_9360-0227_01.html,https://edison.sso.vsb.cz/cz.vsb.edison.edu.study.prepare.web/SubjectVersion.faces?version=9360-0227%2F01&locale=cs,b4c92e02d894f9a48906a8bd3030b62e4472b9bbd92f9c3f4fe21f4e101d1a07
9360-0227/02,9360-0227,Metody charakterizace nanostruktur,2020/2021,2024/2025,0,0,,archive/versions/version_9360-0227_02.html,https://edison.sso.vsb.cz/cz.vsb.edison.edu.study.prepare.web/SubjectVersion.faces?version=9360-0227%2F02&locale=cs,477b111b7d61077249da481e7179c533fd5970dd7d7975236dd5ac4bc1e28de8
9360-0233/01,9360-0233,Nanomateriály pro medicínské a farmaceutické aplikace,2020/2021,2025/2026,1,1,,archive/versions/version_9360-0233_01.html,https://edison.sso.vsb.cz/cz.vsb.edison.edu.study.prepare.web/SubjectVersion.faces?version=9360-0233%2F01&locale=cs,8996bf74d9881be439990db16ab38e42f1b37cc6a368c9b9774b7308b8d35806
9360-0233/02,9360-0233,Nanomateriály pro medicínské a farmaceutické aplikace,2020/2021,2025/2026,1,1,,archive/versions/version_9360-0233_02.html,https://edison.sso.vsb.cz/cz.vsb.edison.edu.study.prepare.web/SubjectVersion.faces?version=9360-0233%2F02&locale=cs,08613dc24a312740e107791c8ec25216cada7f312ac14ea3bb8cf3379d44d660
9360-0234/01,9360-0234,Metody přípravy nanomateriálů na bázi organických látek,2020/2021,2025/2026,1,1,,archive/versions/version_9360-0234_01.html,https://edison.sso.vsb.cz/cz.vsb.edison.edu.study.prepare.web/SubjectVersion.faces?version=9360-0234%2F01&locale=cs,408c073a7b54afb2e4c04a1409519acb18bb2e897a1d96ed42e6c7214713dcb2
9360-0234/02,9360-0234,Metody přípravy nanomateriálů na bázi organických látek,2020/2021,2025/2026,1,1,,archive/versions/version_9360-0234_02.html,https://edison.sso.vsb.cz/cz.vsb.edison.edu.study.prepare.web/SubjectVersion.faces?version=9360-0234%2F02&locale=cs,623698b8ce835feb9987761265126f7c30bd2c6e6fac8bffee471b8923a4fcf5
9360-0235/01,9360-0235,Modifikace a funkcionalizace povrchu uhlíkatých nanomateriálů,2020/2021,2025/2026,1,1,,archive/versions/version_9360-0235_01.html,https://edison.sso.vsb.cz/cz.vsb.edison.edu.study.prepare.web/SubjectVersion.faces?version=9360-0235%2F01&locale=cs,5aebb6d9cf6e5a2e0695543c34f49d460c9d272e4614393a8f0b62a7286c526b
9360-0235/02,9360-0235,Modifikace a funkcionalizace povrchu uhlíkatých nanomateriálů,2020/2021,2025/2026,1,1,,archive/versions/version_9360-0235_02.html,https://edison.sso.vsb.cz/cz.vsb.edison.edu.study.prepare.web/SubjectVersion.faces?version=9360-0235%2F02&locale=cs,ff59ebda1a7cba3864baef7a6a66f48ade8597f0aae3faab17d22a9898d090c2
9360-0236/01,9360-0236,Nanotechnologie pro životní prostředí a udržitelný rozvoj,2020/2021,2025/2026,1,1,,archive/versions/version_9360-0236_01.html,https://edison.sso.vsb.cz/cz.vsb.edison.edu.study.prepare.web/SubjectVersion.faces?version=9360-0236%2F01&locale=cs,eadd917ed064850d82db17d959f6a4f85f3c055a839b71cee640e260e692fef2
9360-0236/02,9360-0236,Nanotechnologie pro životní prostředí a udržitelný rozvoj,2020/2021,2025/2026,1,1,,archive/versions/version_9360-0236_02.html,https://edison.sso.vsb.cz/cz.vsb.edison.edu.study.prepare.web/SubjectVersion.faces?version=9360-0236%2F02&locale=cs,5255f048fc5b880a05e647f6f738bc48a7541e9c8888b5feddcdb768b1be8c90
9360-0903/01,9360-0903,Metody instrumentální analýzy II,2013/2014,2018/2019,1,0,,archive/versions/version_9360-0903_01.html,https://edison.sso.vsb.cz/cz.vsb.edison.edu.study.prepare.web/SubjectVersion.faces?version=9360-0903%2F01&locale=cs,4544760e16ae7fb8d8a0b38e55bb5c404f8df3757df8be452dc50144294a8fb6
9360-0903/02,9360-0903,Metody instrumentální analýzy II,2013/2014,2018/2019,1,0,,archive/versions/version_9360-0903_02.html,https://edison.sso.vsb.cz/cz.vsb.edison.edu.study.prepare.web/SubjectVersion.faces?version=9360-0903%2F02&locale=cs,d4056dff1839e8c932744960a6780a6559ce5b8525bf074bd3fe493f830b806d
9360-0903/03,9360-0903,Metody instrumentální analýzy II,2019/2020,2025/2026,1,1,,archive/versions/version_9360-0903_03.html,https://edison.sso.vsb.cz/cz.vsb.edison.edu.study.prepare.web/SubjectVersion.faces?version=9360-0903%2F03&locale=cs,f1f671239482770f48dd2ddaf624ea77ebcac29abd56f789b7c1eb1f972e68cd
9360-0903/04,9360-0903,Metody instrumentální analýzy II,2019/2020,2025/2026,1,1,,archive/versions/version_9360-0903_04.html,https://edison.sso.vsb.cz/cz.vsb.edison.edu.study.prepare.web/SubjectVersion.faces?version=9360-0903%2F04&locale=cs,01c6d69af36b7c8f4e8db9ddd5ee564f00ad5384cbc960717fafe46e55246cf8
