kind,code,version,url,file,size,sha256,pla88
subject,542-0520,,https://edison.sso.vsb.cz/cz.vsb.edison.edu.study.prepare.web/Subject.faces?subject=542-0520&locale=cs,archive/subjects/subject_542-0520.html,51332,a173660a0e920ae6ee72455dce49babd76910e323178119458a62fb0ec5e0a07,False
subject,546-0320,,https://edison.sso.vsb.cz/cz.vsb.edison.edu.study.prepare.web/Subject.faces?subject=546-0320&locale=cs,archive/subjects/subject_546-0320.html,52298,452dff31b0af4936dc10f7f2e2e718e08de17ca6dd04ac3eb081e8be8d5aef6e,False
subject,546-0371,,https://edison.sso.vsb.cz/cz.vsb.edison.edu.study.prepare.web/Subject.faces?subject=546-0371&locale=cs,archive/subjects/subject_546-0371.html,50694,281b4d9795618221c64dc01c78d1fc8aa8d57d803ec19dbf34ddc656c956a17a,False
subject,546-0456,,https://edison.sso.vsb.cz/cz.vsb.edison.edu.study.prepare.web/Subject.faces?subject=546-0456&locale=cs,archive/subjects/subject_546-0456.html,50164,d77d5dad3b1776f594842f75455be45055e3bad4a95049477d5ad2a96bc21b24,False
subject,546-0462,,https://edison.sso.vsb.cz/cz.vsb.edison.edu.study.prepare.web/Subject.faces?subject=546-0462&locale=cs,archive/subjects/subject_546-0462.html,53285,e78e6d556b16832d20332659eafe23369dc9ad941e80aaec0eb515d2bf011028,False
subject,615-0401,,https://edison.sso.vsb.cz/cz.vsb.edison.edu.study.prepare.web/Subject.faces?subject=615-0401&locale=cs,archive/subjects/subject_615-0401.html,49881,8d0d6c6d3bb4cee9ec3c2de27e56674d079dea596b35540bf9894eb1cfec4faf,False
subject,615-0807,,https://edison.sso.vsb.cz/cz.vsb.edison.edu.study.prepare.web/Subject.faces?subject=615-0807&locale=cs,archive/subjects/subject_615-0807.html,51811,8f1eff5849b9b700290fc3f943eee53da9c943f3f572115d46635cf4a8c9f57a,False
subject,615-0810,,https://edison.sso.vsb.cz/cz.vsb.edison.edu.study.prepare.web/Subject.faces?subject=615-0810&locale=cs,archive/subjects/subject_615-0810.html,49810,01edae20634ab3319c74d25060bf998b84fdb6e46678da7d5ab9408d29281f45,False
subject,615-0815,,https://edison.sso.vsb.cz/cz.vsb.edison.edu.study.prepare.web/Subject.faces?subject=615-0815&locale=cs,archive/subjects/subject_615-0815.html,49811,daf9408abb08b983b0a1eb88459906c86295e164d06b547e0298919a037db5a6,False
subject,617-1401,,https://edison.sso.vsb.cz/cz.vsb.edison.edu.study.prepare.web/Subject.faces?subject=617-1401&locale=cs,archive/subjects/subject_617-1401.html,49845,a44156da859a7e5eba41abeb6633962ff1a430d0bbd076bc30f84c4652cbb7d9,False
subject,617-1807,,https://edison.sso.vsb.cz/cz.vsb.edison.edu.study.prepare.web/Subject.faces?subject=617-1807&locale=cs,archive/subjects/subject_617-1807.html,49774,4153a81be515acccecc47ddca22fbcca0a0626860bc99e479791e37519932072,False
subject,617-1810,,https://edison.sso.vsb.cz/cz.vsb.edison.edu.study.prepare.web/Subject.faces?subject=617-1810&locale=cs,archive/subjects/subject_617-1810.html,49771,b5308d159a74ffbbab3bd6e1b83b8fc372a5bc64e1ac13d740b22964df1fd2fa,False
subject,617-1815,,https://edison.sso.vsb.cz/cz.vsb.edison.edu.study.prepare.web/Subject.faces?subject=617-1815&locale=cs,archive/subjects/subject_617-1815.html,49772,4fc7574942484a9c1f3d06fc37ded5ab4cf60e059fb638037ded827a2f1d2b07,False
subject,730-0004,,https://edison.sso.vsb.cz/cz.vsb.edison.edu.study.prepare.web/Subject.faces?subject=730-0004&locale=cs,archive/subjects/subject_730-0004.html,49086,66551d7d8e3d7d51ebb2afdb0ac3600976664eeb4e0dd81c9b19e9f3e5053af7,False
subject,730-0005,,https://edison.sso.vsb.cz/cz.vsb.edison.edu.study.prepare.web/Subject.faces?subject=730-0005&locale=cs,archive/subjects/subject_730-0005.html,51893,5c1bf0b58ea384ba412f5c0d999a0fd008caf23cd3724b0eae63150707073200,False
subject,730-0014,,https://edison.sso.vsb.cz/cz.vsb.edison.edu.study.prepare.web/Subject.faces?subject=730-0014&locale=cs,archive/subjects/subject_730-0014.html,50493,e8d5e40b8f85a539e80c971bf13a96058017a517f961eef892b56162384ec8f4,False
subject,730-0015,,https://edison.sso.vsb.cz/cz.vsb.edison.edu.study.prepare.web/Subject.faces?subject=730-0015&locale=cs,archive/subjects/subject_730-0015.html,51100,44ee6c3fd83e7485c32bb58b89aadbef5794e8c98f99655fb1aa214a9ce7a663,False
subject,730-0102,,https://edison.sso.vsb.cz/cz.vsb.edison.edu.study.prepare.web/Subject.faces?subject=730-0102&locale=cs,archive/subjects/subject_730-0102.html,50720,7f159b0bb5b054a8bb6c96e1c0d51e3c77d5ec28ac5b41fbcac52b472638f3e5,False
subject,730-0106,,https://edison.sso.vsb.cz/cz.vsb.edison.edu.study.prepare.web/Subject.faces?subject=730-0106&locale=cs,archive/subjects/subject_730-0106.html,50004,20406b115e18f3b350dad2079f1475511ec3892ad377911ca46eb60af9784894,False
subject,730-0120,,https://edison.sso.vsb.cz/cz.vsb.edison.edu.study.prepare.web/Subject.faces?subject=730-0120&locale=cs,archive/subjects/subject_730-0120.html,50604,1b32284efe5b281ee7b74eb5227bcd0013ec1529ce4748f0c5a337d9c245f218,False
subject,730-0121,,https://edison.sso.vsb.cz/cz.vsb.edison.edu.study.prepare.web/Subject.faces?subject=730-0121&locale=cs,archive/subjects/subject_730-0121.html,49966,d18040558e39d10f435a2407bf665ac953f55abd725c6c136368468c105db5b1,False
subject,730-0125,,https://edison.sso.vsb.cz/cz.vsb.edison.edu.study.prepare.web/Subject.faces?subject=730-0125&locale=cs,archive/subjects/subject_730-0125.html,51771,7b3664e6f69d7d3b0504c6bb1c91f1601a1b6768c2e368bb5bc221ab9ef8f175,False
subject,730-0135,,https://edison.sso.vsb.cz/cz.vsb.edison.edu.study.prepare.web/Subject.faces?subject=730-0135&locale=cs,archive/subjects/subject_730-0135.html,49950,ea134b0154d376d83674e60c820e78b91852e8e34443ee382e084de42485abb1,False
subject,730-0136,,https://edison.sso.vsb.cz/cz.vsb.edison.edu.study.prepare.web/Subject.faces?subject=730-0136&locale=cs,archive/subjects/subject_730-0136.html,49309,dcac58055d8eef096dbecc6d5e1c8ec21826df9edec143425ad955483ed38d56,False
subject,730-0146,,https://edison.sso.vsb.cz/cz.vsb.edison.edu.study.prepare.web/Subject.faces?subject=730-0146&locale=cs,archive/subjects/subject_730-0146.html,49190,57ad1de5fd46ea40363d2b1cd9bfe4e0704a310298019b1283926bd9bd450b4a,False
subject,730-0153,,https://edison.sso.vsb.cz/cz.vsb.edison.edu.study.prepare.web/Subject.faces?subject=730-0153&locale=cs,archive/subjects/subject_730-0153.html,49255,ea21fd5f534641a283bdf32fb98194300f877766148e336b2c04a34f1d681635,False
subject,730-0154,,https://edison.sso.vsb.cz/cz.vsb.edison.edu.study.prepare.web/Subject.faces?subject=730-0154&locale=cs,archive/subjects/subject_730-0154.html,49261,77c8a56423e7c576fb623180f1bfbaa6d67ade1757e6506e2084aa6e258a78c3,False
subject,9350-3021,,https://edison.sso.vsb.cz/cz.vsb.edison.edu.study.prepare.web/Subject.faces?subject=9350-3021&locale=cs,archive/subjects/subject_9350-3021.html,52092,48d289035859cfa78d35cacdc3c0cdd49cb9e54af09f89e17fc2cd945180da74,False
subject,9360-0002,,https://edison.sso.vsb.cz/cz.vsb.edison.edu.study.prepare.web/Subject.faces?subject=9360-0002&locale=cs,archive/subjects/subject_9360-0002.html,51453,bd824a6208c7cd92194ef6ff5c60bfebf984782ea6a3feda171e9235df86f558,False
subject,9360-0003,,https://edison.sso.vsb.cz/cz.vsb.edison.edu.study.prepare.web/Subject.faces?subject=9360-0003&locale=cs,archive/subjects/subject_9360-0003.html,50095,d24a1146f2441ab788ebd010405b6e58f7664bf12fabc9b46ce1dae3e48f6968,False
subject,9360-0004,,https://edison.sso.vsb.cz/cz.vsb.edison.edu.study.prepare.web/Subject.faces?subject=9360-0004&locale=cs,archive/subjects/subject_9360-0004.html,50148,2d6d7959e77e57d32501d2a149ecdf290aed9cb563b0b082221b3d53315e6cbf,False
subject,9360-0005,,https://edison.sso.vsb.cz/cz.vsb.edison.edu.study.prepare.web/Subject.faces?subject=9360-0005&locale=cs,archive/subjects/subject_9360-0005.html,51578,af56286a29119a6c16dae1c7093515fb2a4b9a0d135c83d9e0da13ecc0cb346f,False
subject,9360-0014,,https://edison.sso.vsb.cz/cz.vsb.edison.edu.study.prepare.web/Subject.faces?subject=9360-0014&locale=cs,archive/subjects/subject_9360-0014.html,51085,a5f52068c4d55679e406250eb789d10e6dba9b00b48c1bb5d3fe91c0f00c290e,False
subject,9360-0015,,https://edison.sso.vsb.cz/cz.vsb.edison.edu.study.prepare.web/Subject.faces?subject=9360-0015&locale=cs,archive/subjects/subject_9360-0015.html,51405,49431479fa7e05b1fa12d1b8eff4d87f86da375299ba217aa874078d83bff029,False
subject,9360-0106,,https://edison.sso.vsb.cz/cz.vsb.edison.edu.study.prepare.web/Subject.faces?subject=9360-0106&locale=cs,archive/subjects/subject_9360-0106.html,52388,b9a285ebbec24bc14b98e0d222f519c4cbf102ba9afd7479e2af3a1a3f8d97d4,False
subject,9360-0120,,https://edison.sso.vsb.cz/cz.vsb.edison.edu.study.prepare.web/Subject.faces?subject=9360-0120&locale=cs,archive/subjects/subject_9360-0120.html,53260,5630388d6f2397b7d1edd3882c19588bda60265a0ee88243eaa22feac27dba41,False
subject,9360-0125,,https://edison.sso.vsb.cz/cz.vsb.edison.edu.study.prepare.web/Subject.faces?subject=9360-0125&locale=cs,archive/subjects/subject_9360-0125.html,53467,0d01c96a5074cf1c1d3bc38ece14d3997d616faf285b53d858c5cfe6a4d27fe4,False
subject,9360-0131,,https://edison.sso.vsb.cz/cz.vsb.edison.edu.study.prepare.web/Subject.faces?subject=9360-0131&locale=cs,archive/subjects/subject_9360-0131.html,54206,c9c41f3569c79e5dbd3db00b06ec67d8558745a9b63a5744da88f282dde86119,False
subject,9360-0132,,https://edison.sso.vsb.cz/cz.vsb.edison.edu.study.prepare.web/Subject.faces?subject=9360-0132&locale=cs,archive/subjects/subject_9360-0132.html,52749,4dd66cb06b1df907740cc81dde57899d75cfe3951edba263d618e94480792ec8,False
subject,9360-0135,,https://edison.sso.vsb.cz/cz.vsb.edison.edu.study.prepare.web/Subject.faces?subject=9360-0135&locale=cs,archive/subjects/subject_9360-0135.html,52366,f36ed17d20765de89ec57a18b4919f1d64aede5c11a02d0cae6a34cbf47960b2,False
subject,9360-0136,,https://edison.sso.vsb.cz/cz.vsb.edison.edu.study.prepare.web/Subject.faces?subject=9360-0136&locale=cs,archive/subjects/subject_9360-0136.html,52445,9b9f036863dfa63405a1563999f3e8b492ee328a914a20c0c6e220898d67258e,False
subject,9360-0146,,https://edison.sso.vsb.cz/cz.vsb.edison.edu.study.prepare.web/Subject.faces?subject=9360-0146&locale=cs,archive/subjects/subject_9360-0146.html,52883,f769c27bce25417a976988e23e9a09a5ed6f86439fdec4e864dca7923f4fe5ab,False
subject,9360-0153,,https://edison.sso.vsb.cz/cz.vsb.edison.edu.study.prepare.web/Subject.faces?subject=9360-0153&locale=cs,archive/subjects/subject_9360-0153.html,53311,9ebdfacc470d661e2c105b66c4a283aaac23d0ba1964701fcb9dbf15f146c35c,False
subject,9360-0154,,https://edison.sso.vsb.cz/cz.vsb.edison.edu.study.prepare.web/Subject.faces?subject=9360-0154&locale=cs,archive/subjects/subject_9360-0154.html,51950,b98745454ed0d27875646e6bdeb6728535733e90b732376e7f1406ef93c5f31f,False
subject,9360-0182,,https://edison.sso.vsb.cz/cz.vsb.edison.edu.study.prepare.web/Subject.faces?subject=9360-0182&locale=cs,archive/subjects/subject_9360-0182.html,52356,1f8e7f247eb899c3e228d9478a55a917a893e95d09e3e9baadfdeb8de0953627,False
subject,9360-0191,,https://edison.sso.vsb.cz/cz.vsb.edison.edu.study.prepare.web/Subject.faces?subject=9360-0191&locale=cs,archive/subjects/subject_9360-0191.html,52197,8eef7210a4155611abaf0c07f4df9fc268945cce51f677a594b611e2c679dfc0,False
subject,9360-0205,,https://edison.sso.vsb.cz/cz.vsb.edison.edu.study.prepare.web/Subject.faces?subject=9360-0205&locale=cs,archive/subjects/subject_9360-0205.html,51627,09009b9b67b97ca33dd13324220007314e3b4cdf16dbc85c664b15c01cd199d1,False
subject,9360-0207,,https://edison.sso.vsb.cz/cz.vsb.edison.edu.study.prepare.web/Subject.faces?subject=9360-0207&locale=cs,archive/subjects/subject_9360-0207.html,53266,73045a4ddb9571ee4eb0b37699002fa7abe4ffe6b62bc1af93445ddfc2d96662,False
subject,9360-0227,,https://edison.sso.vsb.cz/cz.vsb.edison.edu.study.prepare.web/Subject.faces?subject=9360-0227&locale=cs,archive/subjects/subject_9360-0227.html,52255,31f662afc74fd1743e5e7e3a5250e0ecef40d492af21142a83b928e22c686e95,False
subject,9360-0233,,https://edison.sso.vsb.cz/cz.vsb.edison.edu.study.prepare.web/Subject.faces?subject=9360-0233&locale=cs,archive/subjects/subject_9360-0233.html,51971,b2d25fe7c4e06e2a8a58424fb1d7348e8d1d7b8bde83e3d5d5062cb7f813230f,False
subject,9360-0234,,https://edison.sso.vsb.cz/cz.vsb.edison.edu.study.prepare.web/Subject.faces?subject=9360-0234&locale=cs,archive/subjects/subject_9360-0234.html,52287,97deed5e0f9c92308397c310454e91b9973bdf79fd3e156178f2800502a286e3,False
subject,9360-0235,,https://edison.sso.vsb.cz/cz.vsb.edison.edu.study.prepare.web/Subject.faces?subject=9360-0235&locale=cs,archive/subjects/subject_9360-0235.html,51790,2debdac7c1de50884d34a97f84af60e1336bfa93f213273db1460e7c32816938,False
subject,9360-0236,,https://edison.sso.vsb.cz/cz.vsb.edison.edu.study.prepare.web/Subject.faces?subject=9360-0236&locale=cs,archive/subjects/subject_9360-0236.html,51862,6b9acce11a074fe0299570ee25d5a7cb2a851e7623f20a51a84e116c45c60420,False
subject,9360-0903,,https://edison.sso.vsb.cz/cz.vsb.edison.edu.study.prepare.web/Subject.faces?subject=9360-0903&locale=cs,archive/subjects/subject_9360-0903.html,53299,462532767551010c1b887e10b36269edf1d9b5a5e28601f7dc24535431f9c167,False
version,542-0520,542-0520/01,https://edison.sso.vsb.cz/cz.vsb.edison.edu.study.prepare.web/SubjectVersion.faces?version=542-0520%2F01&locale=cs,archive/versions/version_542-0520_01.html,175175,ff62950012277b14059b65c4316e0b6fd2acf44610454f2b52a568f555b1a3be,True
version,546-0320,546-0320/01,https://edison.sso.vsb.cz/cz.vsb.edison.edu.study.prepare.web/SubjectVersion.faces?version=546-0320%2F01&locale=cs,archive/versions/version_546-0320_01.html,184136,52a25f3fd7b69232dc7aa3cb5b52462843792cfe6e2a4cecb2391bd08b273938,True
version,546-0320,546-0320/02,https://edison.sso.vsb.cz/cz.vsb.edison.edu.study.prepare.web/SubjectVersion.faces?version=546-0320%2F02&locale=cs,archive/versions/version_546-0320_02.html,180799,bab715526d30894312bcc95dc2d146489e07a29782628d2e99e3a88033ba8887,True
version,546-0320,546-0320/03,https://edison.sso.vsb.cz/cz.vsb.edison.edu.study.prepare.web/SubjectVersion.faces?version=546-0320%2F03&locale=cs,archive/versions/version_546-0320_03.html,194658,844e18ce37e518561fe602fee210c5540fc4cafabfe95dbdafca4cd733e35070,False
version,546-0320,546-0320/04,https://edison.sso.vsb.cz/cz.vsb.edison.edu.study.prepare.web/SubjectVersion.faces?version=546-0320%2F04&locale=cs,archive/versions/version_546-0320_04.html,168253,9c5d7267a16428ad9f20326d90601dac045060ed93f611dcd21ceb7df4d09e05,True
version,546-0371,546-0371/01,https://edison.sso.vsb.cz/cz.vsb.edison.edu.study.prepare.web/SubjectVersion.faces?version=546-0371%2F01&locale=cs,archive/versions/version_546-0371_01.html,178988,9b5a75dfa0bc9e5effdf222ef0e6ca49ecaac2e9f291a7b031e256af7014c441,True
version,546-0371,546-0371/02,https://edison.sso.vsb.cz/cz.vsb.edison.edu.study.prepare.web/SubjectVersion.faces?version=546-0371%2F02&locale=cs,archive/versions/version_546-0371_02.html,168941,a7999725961e15981875c5e2defb6a3d1f5721a44b32da842064251de79d7333,True
version,546-0456,546-0456/02,https://edison.sso.vsb.cz/cz.vsb.edison.edu.study.prepare.web/SubjectVersion.faces?version=546-0456%2F02&locale=cs,archive/versions/version_546-0456_02.html,170488,a34dbab405234ba7533ecb21d111255f7c8969ca92d1f0061844ed270c957565,True
version,546-0462,546-0462/01,https://edison.sso.vsb.cz/cz.vsb.edison.edu.study.prepare.web/SubjectVersion.faces?version=546-0462%2F01&locale=cs,archive/versions/version_546-0462_01.html,174181,b8ef277ceae7a6b4de774db519316842ccbc9439762a893d57cc635238bb7187,True
version,546-0462,546-0462/02,https://edison.sso.vsb.cz/cz.vsb.edison.edu.study.prepare.web/SubjectVersion.faces?version=546-0462%2F02&locale=cs,archive/versions/version_546-0462_02.html,171995,66c96013ec808445394c33c80bbcf5994680c3abb5c59318c4e5efb0bdd85c37,True
version,546-0462,546-0462/03,https://edison.sso.vsb.cz/cz.vsb.edison.edu.study.prepare.web/SubjectVersion.faces?version=546-0462%2F03&locale=cs,archive/versions/version_546-0462_03.html,167106,b43dd503bf56d9a5a9f38fd9a42203bfd9ce5b47ab5aa3309383bb2631972dd6,True
version,615-0401,615-0401/01,https://edison.sso.vsb.cz/cz.vsb.edison.edu.study.prepare.web/SubjectVersion.faces?version=615-0401%2F01&locale=cs,archive/versions/version_615-0401_01.html,174082,201928c05f207c22939cce0c5c49fc0e016f45d52573b4a05b48b53a9bfd2948,True
version,615-0807,615-0807/01,https://edison.sso.vsb.cz/cz.vsb.edison.edu.study.prepare.web/SubjectVersion.faces?version=615-0807%2F01&locale=cs,archive/versions/version_615-0807_01.html,176227,ffeee266493c7121be843c6c6e670980c3f93f47140e5d437725d032dc89d72e,False
version,615-0807,615-0807/02,https://edison.sso.vsb.cz/cz.vsb.edison.edu.study.prepare.web/SubjectVersion.faces?version=615-0807%2F02&locale=cs,archive/versions/version_615-0807_02.html,173875,fb879056b30f55935974b2ecd0e8568befa0735188d70439914612e49e32900b,True
version,615-0807,615-0807/03,https://edison.sso.vsb.cz/cz.vsb.edison.edu.study.prepare.web/SubjectVersion.faces?version=615-0807%2F03&locale=cs,archive/versions/version_615-0807_03.html,176165,e4cd77bb99e4891dea63ce4edf96c8c9135d7fb2e317cf7694c96ba4a374e1a4,True
version,615-0807,615-0807/04,https://edison.sso.vsb.cz/cz.vsb.edison.edu.study.prepare.web/SubjectVersion.faces?version=615-0807%2F04&locale=cs,archive/versions/version_615-0807_04.html,178275,fe9093e2738af74ca92d983e5d1bd85e6e0770df98c6d531e8d5c8f63952a805,True
version,615-0807,615-0807/05,https://edison.sso.vsb.cz/cz.vsb.edison.edu.study.prepare.web/SubjectVersion.faces?version=615-0807%2F05&locale=cs,archive/versions/version_615-0807_05.html,172618,e03ee0089260de763e84245a0cf6106a441af2e5c3a62e5815504f77152b7648,True
version,615-0810,615-0810/01,https://edison.sso.vsb.cz/cz.vsb.edison.edu.study.prepare.web/SubjectVersion.faces?version=615-0810%2F01&locale=cs,archive/versions/version_615-0810_01.html,180338,d66c958728d09ce134c2da0ab8c28e07c5c09196167de2ec843fb9f054bced1d,True
version,615-0815,615-0815/01,https://edison.sso.vsb.cz/cz.vsb.edison.edu.study.prepare.web/SubjectVersion.faces?version=615-0815%2F01&locale=cs,archive/versions/version_615-0815_01.html,177922,20f1ed0e1b3ae42eb65311fc84f9af888eb36a723ac7ca587a7a98211b1ebfe2,True
version,617-1401,617-1401/01,https://edison.sso.vsb.cz/cz.vsb.edison.edu.study.prepare.web/SubjectVersion.faces?version=617-1401%2F01&locale=cs,archive/versions/version_617-1401_01.html,167543,43ddf05579890c13125ae566caa6c2f7cf206aef1ad1958dd53e4e15336309bc,True
version,617-1807,617-1807/01,https://edison.sso.vsb.cz/cz.vsb.edison.edu.study.prepare.web/SubjectVersion.faces?version=617-1807%2F01&locale=cs,archive/versions/version_617-1807_01.html,173312,a1df7b0244abd585b186317e2d7e99c0089130b6260817c36f78817c8339825d,True
version,617-1810,617-1810/01,https://edison.sso.vsb.cz/cz.vsb.edison.edu.study.prepare.web/SubjectVersion.faces?version=617-1810%2F01&locale=cs,archive/versions/version_617-1810_01.html,173435,3b81f852c1c319c925c567c04aa35b50ec3f400aeae1c76e3c091032edd1d371,True
version,617-1815,617-1815/01,https://edison.sso.vsb.cz/cz.vsb.edison.edu.study.prepare.web/SubjectVersion.faces?version=617-1815%2F01&locale=cs,archive/versions/version_617-1815_01.html,173310,eb177cead58888ddfbfa2bdfb77ea1deebfeb12c53cbab75696dee392b57b72d,True
version,730-0004,730-0004/01,https://edison.sso.vsb.cz/cz.vsb.edison.edu.study.prepare.web/SubjectVersion.faces?version=730-0004%2F01&locale=cs,archive/versions/version_730-0004_01.html,166959,e3a6cd18117d6c708b0f59deac26631c8f27c94eef49c0b9f49350060db86147,True
version,730-0005,730-0005/01,https://edison.sso.vsb.cz/cz.vsb.edison.edu.study.prepare.web/SubjectVersion.faces?version=730-0005%2F01&locale=cs,archive/versions/version_730-0005_01.html,185047,fcdb85f805272979c011b7c4d74817af0a3572667861791a6ada04aad6499371,True
version,730-0005,730-0005/02,https://edison.sso.vsb.cz/cz.vsb.edison.edu.study.prepare.web/SubjectVersion.faces?version=730-0005%2F02&locale=cs,archive/versions/version_730-0005_02.html,173502,bd93fd9970e17ea129791e0ce88154582e044b25952bdad5e0f90f0d68b555ee,False
version,730-0005,730-0005/03,https://edison.sso.vsb.cz/cz.vsb.edison.edu.study.prepare.web/SubjectVersion.faces?version=730-0005%2F03&locale=cs,archive/versions/version_730-0005_03.html,193181,dac764c8a154b7358ec9205dbb97fa2d8ab01048ff1f4bc63da1f4db163ff48f,True
version,730-0014,730-0014/01,https://edison.sso.vsb.cz/cz.vsb.edison.edu.study.prepare.web/SubjectVersion.faces?version=730-0014%2F01&locale=cs,archive/versions/version_730-0014_01.html,174888,cb88771543bc17c70e8340661e0601d0881a8bb571b1debba825eebe3765cb70,True
version,730-0015,730-0015/01,https://edison.sso.vsb.cz/cz.vsb.edison.edu.study.prepare.web/SubjectVersion.faces?version=730-0015%2F01&locale=cs,archive/versions/version_730-0015_01.html,171836,3883f842b9d480b477ee704f6aa962c9752cecb60d15f36ae72ffd107f49399c,True
version,730-0102,730-0102/01,https://edison.sso.vsb.cz/cz.vsb.edison.edu.study.prepare.web/SubjectVersion.faces?version=730-0102%2F01&locale=cs,archive/versions/version_730-0102_01.html,170785,42e077e99910d59a85d64f3241253839cc984280e9fe50ae7fb481e3ea969631,True
version,730-0106,730-0106/01,https://edison.sso.vsb.cz/cz.vsb.edison.edu.study.prepare.web/SubjectVersion.faces?version=730-0106%2F01&locale=cs,archive/versions/version_730-0106_01.html,167379,728921bd1f0cfe8dd1fdc913353289e8c35887f249eea61c69e67f25b04cd39b,True
version,730-0120,730-0120/01,https://edison.sso.vsb.cz/cz.vsb.edison.edu.study.prepare.web/SubjectVersion.faces?version=730-0120%2F01&locale=cs,archive/versions/version_730-0120_01.html,166884,6f4e61cee21345dcc55dc7e947ff6f27eb0d50097f6937b8c4ddea0d2434c2bb,True
version,730-0121,730-0121/01,https://edison.sso.vsb.cz/cz.vsb.edison.edu.study.prepare.web/SubjectVersion.faces?version=730-0121%2F01&locale=cs,archive/versions/version_730-0121_01.html,167118,1cdaea78817b3fdcab7c7d9b6af5ef1fa6d9f5de8c52ea990475e14880572f72,True
version,730-0125,730-0125/01,https://edison.sso.vsb.cz/cz.vsb.edison.edu.study.prepare.web/SubjectVersion.faces?version=730-0125%2F01&locale=cs,archive/versions/version_730-0125_01.html,170331,311b1cc50ece13a2c39bb27ac3e5900a7901416529b0d094304cfd792deb577e,True
version,730-0125,730-0125/02,https://edison.sso.vsb.cz/cz.vsb.edison.edu.study.prepare.web/SubjectVersion.faces?version=730-0125%2F02&locale=cs,archive/versions/version_730-0125_02.html,165695,9591560edcb2b0f6eb2ba00f794077c96b13399a9671298ef517d46c276ae1c1,True
version,730-0135,730-0135/01,https://edison.sso.vsb.cz/cz.vsb.edison.edu.study.prepare.web/SubjectVersion.faces?version=730-0135%2F01&locale=cs,archive/versions/version_730-0135_01.html,168559,f949ea07654b50924b588f8ecf6457c85fb682e213c21f720492ca04cdfbd05d,True
version,730-0136,730-0136/01,https://edison.sso.vsb.cz/cz.vsb.edison.edu.study.prepare.web/SubjectVersion.faces?version=730-0136%2F01&locale=cs,archive/versions/version_730-0136_01.html,170016,5f0c9dc1979365c40054d0e878a905a6af152afc0a547ccb5a547c68d75c1edc,True
version,730-0146,730-0146/01,https://edison.sso.vsb.cz/cz.vsb.edison.edu.study.prepare.web/SubjectVersion.faces?version=730-0146%2F01&locale=cs,archive/versions/version_730-0146_01.html,169015,0fd1bd4d74e46cfdad188e9f2c3940eb88b4811da66d3b405088aefd41b276cb,True
version,730-0153,730-0153/01,https://edison.sso.vsb.cz/cz.vsb.edison.edu.study.prepare.web/SubjectVersion.faces?version=730-0153%2F01&locale=cs,archive/versions/version_730-0153_01.html,170462,f64e8b6c96c62678f791ad876fa5f3201fdf0e171c746da5b9719d5362e17387,True
version,730-0154,730-0154/01,https://edison.sso.vsb.cz/cz.vsb.edison.edu.study.prepare.web/SubjectVersion.faces?version=730-0154%2F01&locale=cs,archive/versions/version_730-0154_01.html,168146,93943a6d6fd54b46a9fd42e76a473433ce6b777f29362078f2c7a057583eac3e,True
version,9350-3021,9350-3021/01,https://edison.sso.vsb.cz/cz.vsb.edison.edu.study.prepare.web/SubjectVersion.faces?version=9350-3021%2F01&locale=cs,archive/versions/version_9350-3021_01.html,179443,814c58a1be608b96c22e54c132d6ce8911b98436bf105922bc570a71c0634991,True
version,9350-3021,9350-3021/02,https://edison.sso.vsb.cz/cz.vsb.edison.edu.study.prepare.web/SubjectVersion.faces?version=9350-3021%2F02&locale=cs,archive/versions/version_9350-3021_02.html,177312,e732ea9de92f15dfd7d58b71be16a05f4620dd971f05c184386cbea1d72475ea,True
version,9360-0002,9360-0002/01,https://edison.sso.vsb.cz/cz.vsb.edison.edu.study.prepare.web/SubjectVersion.faces?version=9360-0002%2F01&locale=cs,archive/versions/version_9360-0002_01.html,190473,9c2be06ee61df579dbfb3957118fe5ac8d943ddfe4ef8cf9153e10754c056e86,True
version,9360-0002,9360-0002/02,https://edison.sso.vsb.cz/cz.vsb.edison.edu.study.prepare.web/SubjectVersion.faces?version=9360-0002%2F02&locale=cs,archive/versions/version_9360-0002_02.html,167599,b0304fbd3316ec0350c767c21e0d3840ec974022ddc1ea7a0c9eaf7ee3413b6e,True
version,9360-0003,9360-0003/01,https://edison.sso.vsb.cz/cz.vsb.edison.edu.study.prepare.web/SubjectVersion.faces?version=9360-0003%2F01&locale=cs,archive/versions/version_9360-0003_01.html,170512,a73c0c179650566833215f668149440c56b3cadc05112fa55d501f92466fc12a,True
version,9360-0004,9360-0004/01,https://edison.sso.vsb.cz/cz.vsb.edison.edu.study.prepare.web/SubjectVersion.faces?version=9360-0004%2F01&locale=cs,archive/versions/version_9360-0004_01.html,172396,f99ec1f060ef6d133d88ba48fb18187cdbb335158f6587a001b18bd8e9a6515d,True
version,9360-0005,9360-0005/01,https://edison.sso.vsb.cz/cz.vsb.edison.edu.study.prepare.web/SubjectVersion.faces?version=9360-0005%2F01&locale=cs,archive/versions/version_9360-0005_01.html,183206,268463ff851ccfe243f76da1ca8c9203f205bd69e480933ed869ba9ef5e7691f,True
version,9360-0005,9360-0005/02,https://edison.sso.vsb.cz/cz.vsb.edison.edu.study.prepare.web/SubjectVersion.faces?version=9360-0005%2F02&locale=cs,archive/versions/version_9360-0005_02.html,177745,c8e3e7511e056d4ccaf6e93ede3fdc23c215974d92f48bda63b58aec3f712a6a,True
version,9360-0005,9360-0005/03,https://edison.sso.vsb.cz/cz.vsb.edison.edu.study.prepare.web/SubjectVersion.faces?version=9360-0005%2F03&locale=cs,archive/versions/version_9360-0005_03.html,189447,1cbad1ad961399afbbc5490e8fd5753870a5fee24f6d3f6f9dfd7f7aad28e3da,True
version,9360-0014,9360-0014/01,https://edison.sso.vsb.cz/cz.vsb.edison.edu.study.prepare.web/SubjectVersion.faces?version=9360-0014%2F01&locale=cs,archive/versions/version_9360-0014_01.html,175825,e2695eb4bab510241d851c7f2fe056cd2d4162929931f955f2552b43f313c869,True
version,9360-0014,9360-0014/02,https://edison.sso.vsb.cz/cz.vsb.edison.edu.study.prepare.web/SubjectVersion.faces?version=9360-0014%2F02&locale=cs,archive/versions/version_9360-0014_02.html,174861,dac1bce74666f25e87a37e3b0859ef8f69fb010ea2795190fb6186db05e8bf92,True
version,9360-0015,9360-0015/01,https://edison.sso.vsb.cz/cz.vsb.edison.edu.study.prepare.web/SubjectVersion.faces?version=9360-0015%2F01&locale=cs,archive/versions/version_9360-0015_01.html,174517,a2352d792bde3acacfd8efcc8bb9f048d452ab12a2dce8f8e22d0818f942b6f0,True
version,9360-0106,9360-0106/01,https://edison.sso.vsb.cz/cz.vsb.edison.edu.study.prepare.web/SubjectVersion.faces?version=9360-0106%2F01&locale=cs,archive/versions/version_9360-0106_01.html,176008,f5e97f3585052d73c372449045530b01cd140c3cb57e0a9a0aff7f63dc08e1c2,True
version,9360-0106,9360-0106/02,https://edison.sso.vsb.cz/cz.vsb.edison.edu.study.prepare.web/SubjectVersion.faces?version=9360-0106%2F02&locale=cs,archive/versions/version_9360-0106_02.html,169683,234601b5d626ac76a260aab79e7a683bcefd5dc306a8a5cc0f3d579ad1726db4,True
version,9360-0106,9360-0106/03,https://edison.sso.vsb.cz/cz.vsb.edison.edu.study.prepare.web/SubjectVersion.faces?version=9360-0106%2F03&locale=cs,archive/versions/version_9360-0106_03.html,169205,b2240b89c34f5a38732d76ecf2c828494d75e91c947e7275d9a702f307cc0405,True
version,9360-0106,9360-0106/04,https://edison.sso.vsb.cz/cz.vsb.edison.edu.study.prepare.web/SubjectVersion.faces?version=9360-0106%2F04&locale=cs,archive/versions/version_9360-0106_04.html,175045,846e189c6818b206fe3e476c20b49f0cdca0d710f1b7da135d6ae56d709c24f1,True
version,9360-0120,9360-0120/01,https://edison.sso.vsb.cz/cz.vsb.edison.edu.study.prepare.web/SubjectVersion.faces?version=9360-0120%2F01&locale=cs,archive/versions/version_9360-0120_01.html,172257,199590c4ba4ebb412be49558e3b478832f57850a9e848cc5757f9ca5a255d982,True
version,9360-0120,9360-0120/02,https://edison.sso.vsb.cz/cz.vsb.edison.edu.study.prepare.web/SubjectVersion.faces?version=9360-0120%2F02&locale=cs,archive/versions/version_9360-0120_02.html,181499,7755bbcd61a9fd90bb4d1f3b4022c3c3f5edf84e61180ec6a400ac3fb6031d68,True
version,9360-0120,9360-0120/03,https://edison.sso.vsb.cz/cz.vsb.edison.edu.study.prepare.web/SubjectVersion.faces?version=9360-0120%2F03&locale=cs,archive/versions/version_9360-0120_03.html,174497,827322a570481af92c3e07b0dc35e8715682ff7a57ecaaaa08b0ba974ef7d686,True
version,9360-0120,9360-0120/04,https://edison.sso.vsb.cz/cz.vsb.edison.edu.study.prepare.web/SubjectVersion.faces?version=9360-0120%2F04&locale=cs,archive/versions/version_9360-0120_04.html,170278,d5ab91651612170c9bf5f8a20ae1abae0420af6a79315dd25bb170bb0b7bce23,True
version,9360-0120,9360-0120/05,https://edison.sso.vsb.cz/cz.vsb.edison.edu.study.prepare.web/SubjectVersion.faces?version=9360-0120%2F05&locale=cs,archive/versions/version_9360-0120_05.html,173746,0176c704aa7679413d85afb58554324aef2dfc2e5b65084d9353735fa8d781ce,True
version,9360-0125,9360-0125/01,https://edison.sso.vsb.cz/cz.vsb.edison.edu.study.prepare.web/SubjectVersion.faces?version=9360-0125%2F01&locale=cs,archive/versions/version_9360-0125_01.html,167382,58821324aca89854db9bf487d171147194a5e4d96b4b664e0c8d3e23ced0e970,True
version,9360-0125,9360-0125/02,https://edison.sso.vsb.cz/cz.vsb.edison.edu.study.prepare.web/SubjectVersion.faces?version=9360-0125%2F02&locale=cs,archive/versions/version_9360-0125_02.html,178765,2eaf5a5d9a8ec91e65ce657e871b364c3392cef058fd3ba61baee9e9721ebc20,True
version,9360-0125,9360-0125/03,https://edison.sso.vsb.cz/cz.vsb.edison.edu.study.prepare.web/SubjectVersion.faces?version=9360-0125%2F03&locale=cs,archive/versions/version_9360-0125_03.html,172950,4bc25ea58a62b5a38a4869b35f1c3ee07371e7c378c7a3c2ff0e65af7793c03a,True
version,9360-0125,9360-0125/04,https://edison.sso.vsb.cz/cz.vsb.edison.edu.study.prepare.web/SubjectVersion.faces?version=9360-0125%2F04&locale=cs,archive/versions/version_9360-0125_04.html,168973,8ceeba9e04bafedc55cf1992b2c64220ca7be08d1b7ddae8b46b771edf337a69,True
version,9360-0125,9360-0125/05,https://edison.sso.vsb.cz/cz.vsb.edison.edu.study.prepare.web/SubjectVersion.faces?version=9360-0125%2F05&locale=cs,archive/versions/version_9360-0125_05.html,174987,cd1f31693519c0ddcf24ab3645af1080d6ccc9b1225bb6b3a79e374667d1b6ed,False
version,9360-0131,9360-0131/01,https://edison.sso.vsb.cz/cz.vsb.edison.edu.study.prepare.web/SubjectVersion.faces?version=9360-0131%2F01&locale=cs,archive/versions/version_9360-0131_01.html,174546,6a7c75b4551d6fc2aae2bf6a2ce31d56f597aac39b0012acbf519db887a67a0c,True
version,9360-0131,9360-0131/02,https://edison.sso.vsb.cz/cz.vsb.edison.edu.study.prepare.web/SubjectVersion.faces?version=9360-0131%2F02&locale=cs,archive/versions/version_9360-0131_02.html,179197,fb8b1bf5a8a1936abdc1a43451a12b1218218e2b18ccc1e809b34273a1dba19e,True
version,9360-0131,9360-0131/03,https://edison.sso.vsb.cz/cz.vsb.edison.edu.study.prepare.web/SubjectVersion.faces?version=9360-0131%2F03&locale=cs,archive/versions/version_9360-0131_03.html,176344,e038fa16f1d03f9d43a451d6eb1457ce6f2a927959a4fbc5c1669bac050f1e7f,False
version,9360-0131,9360-0131/04,https://edison.sso.vsb.cz/cz.vsb.edison.edu.study.prepare.web/SubjectVersion.faces?version=9360-0131%2F04&locale=cs,archive/versions/version_9360-0131_04.html,171830,210703f6ba360e44072426a4f690e7133c0aad62326cf3bd5e2b2b62d8c6d028,True
version,9360-0131,9360-0131/05,https://edison.sso.vsb.cz/cz.vsb.edison.edu.study.prepare.web/SubjectVersion.faces?version=9360-0131%2F05&locale=cs,archive/versions/version_9360-0131_05.html,177649,780bb5fcd7eeb5a97fd0137a03b9eaaf129713edf0fd58a11e93755e298de1f1,False
version,9360-0131,9360-0131/06,https://edison.sso.vsb.cz/cz.vsb.edison.edu.study.prepare.web/SubjectVersion.faces?version=9360-0131%2F06&locale=cs,archive/versions/version_9360-0131_06.html,174594,4bd168dc810a2f9b2ae7daaf3c128c63c1c826a3423693b641955d801ae55ad4,False
version,9360-0132,9360-0132/01,https://edison.sso.vsb.cz/cz.vsb.edison.edu.study.prepare.web/SubjectVersion.faces?version=9360-0132%2F01&locale=cs,archive/versions/version_9360-0132_01.html,169176,21496de6b6da99c13cd15b4962cbc973bec1dc68b52b5f6858302794bd619938,False
version,9360-0132,9360-0132/02,https://edison.sso.vsb.cz/cz.vsb.edison.edu.study.prepare.web/SubjectVersion.faces?version=9360-0132%2F02&locale=cs,archive/versions/version_9360-0132_02.html,178354,5122bdaf8b010f97939e9563a7173bd39f7c40abca4f3b3f8e96d03312a2609a,True
version,9360-0132,9360-0132/03,https://edison.sso.vsb.cz/cz.vsb.edison.edu.study.prepare.web/SubjectVersion.faces?version=9360-0132%2F03&locale=cs,archive/versions/version_9360-0132_03.html,178020,2f19a9ed044831ad328a9d9cb3dbe02801840ec2b3e6c339e8b0b1759761a8b0,False
version,9360-0132,9360-0132/04,https://edison.sso.vsb.cz/cz.vsb.edison.edu.study.prepare.web/SubjectVersion.faces?version=9360-0132%2F04&locale=cs,archive/versions/version_9360-0132_04.html,169175,92b36eea212941ee42e514bc0c23cf4ac7e3bdcfcb5453a3b74c00a25d20f702,True
version,9360-0132,9360-0132/05,https://edison.sso.vsb.cz/cz.vsb.edison.edu.study.prepare.web/SubjectVersion.faces?version=9360-0132%2F05&locale=cs,archive/versions/version_9360-0132_05.html,175213,a682d709c74160d1df0a9253e5287cb6431ed0429963b5748842e3ca8f049ec6,False
version,9360-0135,9360-0135/01,https://edison.sso.vsb.cz/cz.vsb.edison.edu.study.prepare.web/SubjectVersion.faces?version=9360-0135%2F01&locale=cs,archive/versions/version_9360-0135_01.html,180738,a18b2eb927d53b6ad51596b262327f8e1a12daca40be4ca22b0ba796119d1281,True
version,9360-0135,9360-0135/02,https://edison.sso.vsb.cz/cz.vsb.edison.edu.study.prepare.web/SubjectVersion.faces?version=9360-0135%2F02&locale=cs,archive/versions/version_9360-0135_02.html,175836,a5c23db61a440b236016239dc2202faa2b9b4f657633150600366229fe163e25,True
version,9360-0135,9360-0135/03,https://edison.sso.vsb.cz/cz.vsb.edison.edu.study.prepare.web/SubjectVersion.faces?version=9360-0135%2F03&locale=cs,archive/versions/version_9360-0135_03.html,172490,3a3b8f06d327e3ed0502f6f9f4a74a03442c3e27549c88516db6a9bb0d0ae832,True
version,9360-0135,9360-0135/04,https://edison.sso.vsb.cz/cz.vsb.edison.edu.study.prepare.web/SubjectVersion.faces?version=9360-0135%2F04&locale=cs,archive/versions/version_9360-0135_04.html,175249,f27fc7d9f80c11941f129c6f5e96ae467d70b47d5bc38dfa94d12c35d8df7bf2,False
version,9360-0136,9360-0136/01,https://edison.sso.vsb.cz/cz.vsb.edison.edu.study.prepare.web/SubjectVersion.faces?version=9360-0136%2F01&locale=cs,archive/versions/version_9360-0136_01.html,182949,9063dc14a008a409043548727dfd4a648e9fd16857db8112e2f63e900fd62000,True
version,9360-0136,9360-0136/02,https://edison.sso.vsb.cz/cz.vsb.edison.edu.study.prepare.web/SubjectVersion.faces?version=9360-0136%2F02&locale=cs,archive/versions/version_9360-0136_02.html,177841,f6f869c4d0f85e88e0a02306f6d9b2025eb66ff9ad57800874d1455180843fb0,True
version,9360-0136,9360-0136/03,https://edison.sso.vsb.cz/cz.vsb.edison.edu.study.prepare.web/SubjectVersion.faces?version=9360-0136%2F03&locale=cs,archive/versions/version_9360-0136_03.html,173305,8e9e1ee28d8fa20c934c28207b64fe0f922738b38243431d9affb8a258841dac,True
version,9360-0136,9360-0136/04,https://edison.sso.vsb.cz/cz.vsb.edison.edu.study.prepare.web/SubjectVersion.faces?version=9360-0136%2F04&locale=cs,archive/versions/version_9360-0136_04.html,175564,06023c7f1f91faf16d61bc2a09ae809c79dba826cb797ed282d7669fd305af7c,False
version,9360-0146,9360-0146/01,https://edison.sso.vsb.cz/cz.vsb.edison.edu.study.prepare.web/SubjectVersion.faces?version=9360-0146%2F01&locale=cs,archive/versions/version_9360-0146_01.html,171684,37528142231d114f18e52e459e9c31a2484cdbc6cb1a3fb9f37f9fcba07fc74c,True
version,9360-0146,9360-0146/02,https://edison.sso.vsb.cz/cz.vsb.edison.edu.study.prepare.web/SubjectVersion.faces?version=9360-0146%2F02&locale=cs,archive/versions/version_9360-0146_02.html,178807,e1320a9e3863f3e7858b7b6aae60d99cd4d7cea9da55b2f4acf0eeb48bb4c8dd,True
version,9360-0146,9360-0146/03,https://edison.sso.vsb.cz/cz.vsb.edison.edu.study.prepare.web/SubjectVersion.faces?version=9360-0146%2F03&locale=cs,archive/versions/version_9360-0146_03.html,169295,8abdd639cce316a0966e55302a78f06bea94952c8bdc12301ab17abaa096082c,False
version,9360-0146,9360-0146/04,https://edison.sso.vsb.cz/cz.vsb.edison.edu.study.prepare.web/SubjectVersion.faces?version=9360-0146%2F04&locale=cs,archive/versions/version_9360-0146_04.html,175937,fb9320210fdcaa9645b597585d483a649527b8aea11221bbff02222e398d3423,True
version,9360-0146,9360-0146/05,https://edison.sso.vsb.cz/cz.vsb.edison.edu.study.prepare.web/SubjectVersion.faces?version=9360-0146%2F05&locale=cs,archive/versions/version_9360-0146_05.html,176700,780a9819cfd9f47d36b686937b9e3a170d0c05f2655ff3042c2b37adba524db5,False
version,9360-0146,9360-0146/06,https://edison.sso.vsb.cz/cz.vsb.edison.edu.study.prepare.web/SubjectVersion.faces?version=9360-0146%2F06&locale=cs,archive/versions/version_9360-0146_06.html,169952,327b27d56b8d138ddcac871229b9ea930be3651dfbe5a2830d18d08f8152a69e,True
version,9360-0153,9360-0153/01,https://edison.sso.vsb.cz/cz.vsb.edison.edu.study.prepare.web/SubjectVersion.faces?version=9360-0153%2F01&locale=cs,archive/versions/version_9360-0153_01.html,181889,1488431d694dd29cd9848d0c587f333877bce2477c65ebdec132e2ed6ae240fe,True
version,9360-0153,9360-0153/02,https://edison.sso.vsb.cz/cz.vsb.edison.edu.study.prepare.web/SubjectVersion.faces?version=9360-0153%2F02&locale=cs,archive/versions/version_9360-0153_02.html,171980,3712d518ac71fec7c7287e202959db3e77993a14f21c048a0508bd4c69189ce6,True
version,9360-0153,9360-0153/03,https://edison.sso.vsb.cz/cz.vsb.edison.edu.study.prepare.web/SubjectVersion.faces?version=9360-0153%2F03&locale=cs,archive/versions/version_9360-0153_03.html,178764,94059c2afdee916e31fcf20d04bc069beca4fa33b29e4dd6b0e4dfa7d5e67de8,True
version,9360-0153,9360-0153/04,https://edison.sso.vsb.cz/cz.vsb.edison.edu.study.prepare.web/SubjectVersion.faces?version=9360-0153%2F04&locale=cs,archive/versions/version_9360-0153_04.html,172855,ec928fdfa4e3fec861068508794f7d181841ee9e218af4bbbe79bc9e19b7a124,True
version,9360-0153,9360-0153/05,https://edison.sso.vsb.cz/cz.vsb.edison.edu.study.prepare.web/SubjectVersion.faces?version=9360-0153%2F05&locale=cs,archive/versions/version_9360-0153_05.html,176670,f0de66863ab768de37602d11024a0637479c3b3b5f4eb1a6f194b9118a8e4963,False
version,9360-0153,9360-0153/06,https://edison.sso.vsb.cz/cz.vsb.edison.edu.study.prepare.web/SubjectVersion.faces?version=9360-0153%2F06&locale=cs,archive/versions/version_9360-0153_06.html,172953,8c9d1f3b399627aefce0bcb525c05acf2e6118556233c1e988a4ecf5f93509e9,True
version,9360-0154,9360-0154/01,https://edison.sso.vsb.cz/cz.vsb.edison.edu.study.prepare.web/SubjectVersion.faces?version=9360-0154%2F01&locale=cs,archive/versions/version_9360-0154_01.html,182035,c28b852b27fa31f55fa61c3e86a0ea7dd7a69e39285b418b9a57066e3d0ead77,True
version,9360-0154,9360-0154/02,https://edison.sso.vsb.cz/cz.vsb.edison.edu.study.prepare.web/SubjectVersion.faces?version=9360-0154%2F02&locale=cs,archive/versions/version_9360-0154_02.html,175934,e8d76493f18a58bf837b85c8a11b9bd2511263dfe4ed5f6c5c207cebd32454cd,True
version,9360-0154,9360-0154/03,https://edison.sso.vsb.cz/cz.vsb.edison.edu.study.prepare.web/SubjectVersion.faces?version=9360-0154%2F03&locale=cs,archive/versions/version_9360-0154_03.html,178503,49b3c59e0a27d9f12f1f1772df07501e2a7b6a0ca3c4d4df0cc91b7426360e6d,True
version,9360-0154,9360-0154/04,https://edison.sso.vsb.cz/cz.vsb.edison.edu.study.prepare.web/SubjectVersion.faces?version=9360-0154%2F04&locale=cs,archive/versions/version_9360-0154_04.html,176634,5af89494e39c527866b3b5da921f6685199572f2ecb9d9e96e1e08e28c6bfe61,False
version,9360-0182,9360-0182/01,https://edison.sso.vsb.cz/cz.vsb.edison.edu.study.prepare.web/SubjectVersion.faces?version=9360-0182%2F01&locale=cs,archive/versions/version_9360-0182_01.html,173525,e9aa49269fa1958d719079129f3320613db2cad92c24361ddc6cf5f43ee26526,True
version,9360-0182,9360-0182/02,https://edison.sso.vsb.cz/cz.vsb.edison.edu.study.prepare.web/SubjectVersion.faces?version=9360-0182%2F02&locale=cs,archive/versions/version_9360-0182_02.html,174887,097864bdf6732f3150656b69f0d05c773e582be48072b6e234fe5ae1541d90bb,True
version,9360-0191,9360-0191/01,https://edison.sso.vsb.cz/cz.vsb.edison.edu.study.prepare.web/SubjectVersion.faces?version=9360-0191%2F01&locale=cs,archive/versions/version_9360-0191_01.html,174547,f44a486fe5309162692f3682ba94e36dc30640ddb7b959a629c9b71d08dc1372,True
version,9360-0191,9360-0191/02,https://edison.sso.vsb.cz/cz.vsb.edison.edu.study.prepare.web/SubjectVersion.faces?version=9360-0191%2F02&locale=cs,archive/versions/version_9360-0191_02.html,176369,59ec4411297905504e8acc67385faf9553c7f8b33bee50996b4849baa0d77019,True
version,9360-0205,9360-0205/01,https://edison.sso.vsb.cz/cz.vsb.edison.edu.study.prepare.web/SubjectVersion.faces?version=9360-0205%2F01&locale=cs,archive/versions/version_9360-0205_01.html,196988,441d47b25478110b8f0bec2eaae34d35cc22831283fcdcd3ece7c1caec8550c1,True
version,9360-0207,9360-0207/01,https://edison.sso.vsb.cz/cz.vsb.edison.edu.study.prepare.web/SubjectVersion.faces?version=9360-0207%2F01&locale=cs,archive/versions/version_9360-0207_01.html,206749,e9218a73a03850dea2578d8d6484f2d9ffae7d5885e9ddaa42c0547282db8431,True
version,9360-0207,9360-0207/02,https://edison.sso.vsb.cz/cz.vsb.edison.edu.study.prepare.web/SubjectVersion.faces?version=9360-0207%2F02&locale=cs,archive/versions/version_9360-0207_02.html,176065,54492a3baf4a1fa9eec12752ed42792c041f54383903956422098e7ea387f0c2,True
version,9360-0227,9360-0227/01,https://edison.sso.vsb.cz/cz.vsb.edison.edu.study.prepare.web/SubjectVersion.faces?version=9360-0227%2F01&locale=cs,archive/versions/version_9360-0227_01.html,177809,b4c92e02d894f9a48906a8bd3030b62e4472b9bbd92f9c3f4fe21f4e101d1a07,True
version,9360-0227,9360-0227/02,https://edison.sso.vsb.cz/cz.vsb.edison.edu.study.prepare.web/SubjectVersion.faces?version=9360-0227%2F02&locale=cs,archive/versions/version_9360-0227_02.html,176979,477b111b7d61077249da481e7179c533fd5970dd7d7975236dd5ac4bc1e28de8,True
version,9360-0233,9360-0233/01,https://edison.sso.vsb.cz/cz.vsb.edison.edu.study.prepare.web/SubjectVersion.faces?version=9360-0233%2F01&locale=cs,archive/versions/version_9360-0233_01.html,180086,8996bf74d9881be439990db16ab38e42f1b37cc6a368c9b9774b7308b8d35806,True
version,9360-0233,9360-0233/02,https://edison.sso.vsb.cz/cz.vsb.edison.edu.study.prepare.web/SubjectVersion.faces?version=9360-0233%2F02&locale=cs,archive/versions/version_9360-0233_02.html,178887,08613dc24a312740e107791c8ec25216cada7f312ac14ea3bb8cf3379d44d660,True
version,9360-0234,9360-0234/01,https://edison.sso.vsb.cz/cz.vsb.edison.edu.study.prepare.web/SubjectVersion.faces?version=9360-0234%2F01&locale=cs,archive/versions/version_9360-0234_01.html,180184,408c073a7b54afb2e4c04a1409519acb18bb2e897a1d96ed42e6c7214713dcb2,True
version,9360-0234,9360-0234/02,https://edison.sso.vsb.cz/cz.vsb.edison.edu.study.prepare.web/SubjectVersion.faces?version=9360-0234%2F02&locale=cs,archive/versions/version_9360-0234_02.html,179297,623698b8ce835feb9987761265126f7c30bd2c6e6fac8bffee471b8923a4fcf5,True
version,9360-0235,9360-0235/01,https://edison.sso.vsb.cz/cz.vsb.edison.edu.study.prepare.web/SubjectVersion.faces?version=9360-0235%2F01&locale=cs,archive/versions/version_9360-0235_01.html,180212,5aebb6d9cf6e5a2e0695543c34f49d460c9d272e4614393a8f0b62a7286c526b,True
version,9360-0235,9360-0235/02,https://edison.sso.vsb.cz/cz.vsb.edison.edu.study.prepare.web/SubjectVersion.faces?version=9360-0235%2F02&locale=cs,archive/versions/version_9360-0235_02.html,179023,ff59ebda1a7cba3864baef7a6a66f48ade8597f0aae3faab17d22a9898d090c2,True
version,9360-0236,9360-0236/01,https://edison.sso.vsb.cz/cz.vsb.edison.edu.study.prepare.web/SubjectVersion.faces?version=9360-0236%2F01&locale=cs,archive/versions/version_9360-0236_01.html,180586,eadd917ed064850d82db17d959f6a4f85f3c055a839b71cee640e260e692fef2,True
version,9360-0236,9360-0236/02,https://edison.sso.vsb.cz/cz.vsb.edison.edu.study.prepare.web/SubjectVersion.faces?version=9360-0236%2F02&locale=cs,archive/versions/version_9360-0236_02.html,179394,5255f048fc5b880a05e647f6f738bc48a7541e9c8888b5feddcdb768b1be8c90,True
version,9360-0903,9360-0903/01,https://edison.sso.vsb.cz/cz.vsb.edison.edu.study.prepare.web/SubjectVersion.faces?version=9360-0903%2F01&locale=cs,archive/versions/version_9360-0903_01.html,167654,4544760e16ae7fb8d8a0b38e55bb5c404f8df3757df8be452dc50144294a8fb6,True
version,9360-0903,9360-0903/02,https://edison.sso.vsb.cz/cz.vsb.edison.edu.study.prepare.web/SubjectVersion.faces?version=9360-0903%2F02&locale=cs,archive/versions/version_9360-0903_02.html,180571,d4056dff1839e8c932744960a6780a6559ce5b8525bf074bd3fe493f830b806d,True
version,9360-0903,9360-0903/03,https://edison.sso.vsb.cz/cz.vsb.edison.edu.study.prepare.web/SubjectVersion.faces?version=9360-0903%2F03&locale=cs,archive/versions/version_9360-0903_03.html,193449,f1f671239482770f48dd2ddaf624ea77ebcac29abd56f789b7c1eb1f972e68cd,True
version,9360-0903,9360-0903/04,https://edison.sso.vsb.cz/cz.vsb.edison.edu.study.prepare.web/SubjectVersion.faces?version=9360-0903%2F04&locale=cs,archive/versions/version_9360-0903_04.html,175388,01c6d69af36b7c8f4e8db9ddd5ee564f00ad5384cbc960717fafe46e55246cf8,True
